customer_ID,"('customer_ID', '')","('P_2', 'mean')","('P_2', 'median')","('P_2', 'sum')","('P_2', 'count')","('P_2', 'data_range')","('P_2', 'iqr')","('P_2', 'avg_pct_change')","('P_2', 'correlation')","('P_3', 'mean')","('P_3', 'median')","('P_3', 'sum')","('P_3', 'count')","('P_3', 'data_range')","('P_3', 'iqr')","('P_3', 'avg_pct_change')","('P_3', 'correlation')","('P_4', 'mean')","('P_4', 'median')","('P_4', 'sum')","('P_4', 'data_range')","('P_4', 'iqr')","('P_4', 'avg_pct_change')","('P_4', 'correlation')","('S_3', 'median')","('S_3', 'sum')","('S_3', 'data_range')","('S_3', 'iqr')","('S_3', 'avg_pct_change')","('S_3', 'correlation')","('S_5', 'data_range')","('S_5', 'iqr')","('S_5', 'avg_pct_change')","('S_5', 'correlation')","('S_6', 'mean')","('S_6', 'median')","('S_6', 'sum')","('S_6', 'mad')","('S_6', 'data_range')","('S_6', 'iqr')","('S_6', 'avg_pct_change')","('S_6', 'correlation')","('S_8', 'mean')","('S_8', 'median')","('S_8', 'sum')","('S_8', 'data_range')","('S_8', 'iqr')","('S_8', 'avg_pct_change')","('S_8', 'correlation')","('S_13', 'mean')","('S_13', 'sum')","('S_13', 'std')","('S_13', 'mad')","('S_13', 'data_range')","('S_13', 'iqr')","('S_13', 'avg_pct_change')","('S_13', 'correlation')","('S_25', 'mean')","('S_25', 'sum')","('S_25', 'std')","('S_25', 'mad')","('S_25', 'count')","('S_25', 'data_range')","('S_25', 'iqr')","('S_25', 'avg_pct_change')","('S_25', 'correlation')","('S_27', 'count')","('S_27', 'data_range')","('S_27', 'iqr')","('S_27', 'avg_pct_change')","('S_27', 'correlation')",target
0000099d6bd597052cdcda90ffabf56573fe9d7c79be5fbac11a8ed792feb62a,0000099d6bd597052cdcda90ffabf56573fe9d7c79be5fbac11a8ed792feb62a,0.9336,0.9385,12.14,13,0.0918,0.0126953125,0.00023280304773411661,-0.4387667458323862,0.68,0.69,8.84,13,0.1602,0.0732421875,-0.009858138143640801,-0.7789570577896608,0.00567,0.00648,0.0737,0.008675,0.003391265869140625,0.28758095500309483,-0.38352836429087306,0.11096,1.472,0.03613,0.02099609375,0.011220523292867768,-0.4314856423808095,0.04706,0.0147552490234375,0.3737756109435142,-0.11099077654826406,0.004646,0.00651,0.06042,0.002827,0.007935,0.005245208740234375,0.7288594654236761,-0.061374770250224635,0.797,0.7593,10.36,0.5137,0.16455078125,-0.03506258120406841,-0.7402474575381431,0.655,8.51,0.1511481101435503,0.132,0.3447,0.33203125,0.03828676074609496,0.7417903924778474,0.9746,12.67,0.002504444573042314,0.001802,13,0.00928,0.00146484375,-0.00020139302713454801,-0.16270350665457164,13,0.3027,0.08935546875,0.03010411082646164,0.7221863440595676,0
00000fd6641609c6ece5454664794f0340ad84dddce9a267a310b5ae68e9d8e5,00000fd6641609c6ece5454664794f0340ad84dddce9a267a310b5ae68e9d8e5,0.9,0.905,11.695,13,0.0679,0.0380859375,-0.004341939361557394,-0.8544164045619125,0.567,0.571,7.367,13,0.1089,0.064453125,-0.004891937930373939,-0.7482976363765732,0.00532,0.004658,0.0692,0.00841,0.00562286376953125,0.343104654772524,-0.26343989500466874,0.1205,1.567,0.07574,0.03106689453125,0.05527333380806724,0.9502006343292176,0.0509,0.01958465576171875,0.9358201820194513,-0.1020109123709699,0.00382,0.003242,0.04968,0.002161,0.00825,0.00360107421875,9.516905348688434,-0.17861882682301342,0.4111,0.3584,5.344,0.7607,0.2705078125,3.7202086060424446,-0.4983245495137167,0.1453,1.889,0.16256483621722959,0.1515,0.427,0.2809295654296875,10.40059153134918,-0.21690862555010249,0.9756,12.68,0.0026219081532530995,0.001802,13,0.00879,0.00146484375,9.235689896424278e-05,-0.24706882288045778,12,0.3403,,18.083866488008507,-0.24843772105831327,0
00001b22f846c82c51f6e3958ccd81970162bae8b007e80662ef27519fcc18c1,00001b22f846c82c51f6e3958ccd81970162bae8b007e80662ef27519fcc18c1,0.8784,0.885,11.42,13,0.10645,0.02734375,0.001642603553029189,-0.1094215251922241,0.618,0.63,8.04,13,0.2976,0.03076171875,0.0234922006932357,-0.1580710385740389,0.00611,0.007397,0.07947,0.00869,0.004695892333984375,0.6184244708076875,-0.19279581153917205,,0.0,,,,,0.007675,0.003437042236328125,0.4634141095507593,-0.2500651217271556,1.006,1.006,13.07,0.001953,0.006836,0.00390625,-0.00047868051426629604,-0.27631291920203527,0.00643,0.00696,0.0836,0.008934,0.00493621826171875,0.830370324391024,0.17290414082763655,0.003716,0.0483,0.0030206839484023984,0.00252,0.00897,0.004765510559082031,1.5966228054420941,0.10307802587943977,0.974,12.664,0.002858394882955041,0.002329,13,0.009766,0.00341796875,-0.00028142058896736083,-0.14621148776883752,0,,,,,0
000041bdba6ecadd89a52d11886e8eaaec9325906c9723355abb5ca523658edc,000041bdba6ecadd89a52d11886e8eaaec9325906c9723355abb5ca523658edc,0.599,0.598,7.785,13,0.05615,0.033203125,0.0077295119871092595,0.9531758415387925,0.611,0.623,7.94,13,0.359,0.08642578125,0.05220493223192462,0.26624659530770256,0.00475,0.005116,0.06174,0.00777,0.0052852630615234375,0.6730689085496441,0.35336722648317936,0.2281,3.22,0.2583,0.1549072265625,0.019485422069938207,0.31062982070051487,0.1478,0.0453948974609375,0.9411343888825857,-0.3723999090766325,0.005524,0.005844,0.07184,0.002367,0.00855,0.0035724639892578125,0.5506720620377056,0.10112399526517062,0.3086,0.319,4.01,0.3135,0.29443359375,-0.004000606294370657,-0.684198294936756,0.4246,5.52,0.0027431194508874108,0.002197,0.00903,0.00244140625,-0.0012011768730239847,-0.3751761665058915,0.9746,12.67,0.002940622122120879,0.002403,13,0.00879,0.00439453125,-2.96892896107237e-05,-0.08172075053818932,13,0.6714,0.1845703125,5.68967581822029,0.619590962025937,0
00007889e4fcd2614b6cbe7f8f3d2e5c728eca32d9eb8ad51ca8b8c4a24cefed,00007889e4fcd2614b6cbe7f8f3d2e5c728eca32d9eb8ad51ca8b8c4a24cefed,0.8916,0.8794,11.59,13,0.1353,0.0712890625,-0.0048114103262650865,-0.5975270755909858,0.5273,0.56,6.855,13,0.33,0.033203125,0.04488786779915516,0.014345965426531989,0.003857,0.002815,0.05014,0.00951,0.00540924072265625,1.2816585055410528,0.14565069955163473,0.1748,0.6924,0.010254,,0.005096930064672582,0.7610470275618066,0.006966,0.005504608154296875,0.19855113512505987,0.22721242181873805,0.8506,1.004,11.06,0.26,1.006,0.00390625,9.883152342726518,0.6301282722756778,0.05347,0.003944,0.695,0.33,0.0042629241943359375,30.540108746048436,0.00252543156605087,0.004555,0.0592,0.002740198782529976,0.002155,0.0084,0.0026760101318359375,1.4375414011233876,0.15480075349880512,0.974,12.664,0.003314452372469997,0.002817,13,0.00879,0.00537109375,0.00017837110111884602,-0.02521865584426777,0,,,,,0
000084e5023181993c2e1b665ac88dbb1ce9ef621ec5370150fc2f8bdca6202c,000084e5023181993c2e1b665ac88dbb1ce9ef621ec5370150fc2f8bdca6202c,0.794,0.7847,10.32,13,0.05908,0.0185546875,0.004282369795211544,0.7956580668109191,0.6055,0.588,7.87,13,0.2083,0.0498046875,0.022222677768175797,0.5778070349412597,0.00482,0.006264,0.0627,0.009254,0.005934715270996094,2.807875157103298,0.2807672359484889,0.32,3.953,0.3008,0.20556640625,0.06504053699046729,0.8244974246790191,0.04706,0.01354217529296875,0.5893066219493743,-0.06422131512957639,0.00527,0.005714,0.0685,0.002308,0.00928,0.0034942626953125,1.7330449328530115,-0.16395163571846724,0.2493,0.3232,3.24,0.4717,0.1590576171875,27.302247693069493,-0.24914845841813216,0.02905,0.3777,0.07850831977331037,0.04163,0.2876,0.005340576171875,4.861078978358062,0.2765919982219017,0.9746,12.67,0.0026172407563109113,0.002104,13,0.00928,0.00244140625,0.0001320769307440739,0.0,13,0.00951,0.005393028259277344,1.9430746904284897,-0.3406607400811867,0
000098081fde4fd64bc4d503a5d6f86a0aedc425c96f5235f98b0f47c9d7d8d4,000098081fde4fd64bc4d503a5d6f86a0aedc425c96f5235f98b0f47c9d7d8d4,0.4446,0.4146,5.78,13,0.2314,0.084228515625,0.03536327175865004,0.3095589921987349,0.6533,0.6465,3.918,6,0.4321,,0.00468360333187734,-0.08600298172335318,0.8145,0.96,10.586,0.9585,0.00537109375,-0.059032694272797614,-0.6288091082666244,0.3337,4.645,0.2002,0.101806640625,-0.03210248075308639,-0.747164047078481,0.01099,0.0050506591796875,0.10174079811090014,-0.5654253383479775,0.082,0.004765,1.065,0.1425,1.007,0.0047245025634765625,0.2958929900730151,-0.4626156894264651,0.2146,0.2484,2.791,0.4045,0.202392578125,2.6708211639996597,-0.329612642174358,0.07153,0.9297,0.12324594215254764,0.09937,0.2876,0.041626930236816406,4.295416584161825,0.060133914730240816,0.9087,11.81,0.16202348443607753,0.11237,13,0.4453,0.00537109375,0.029794392092918804,-0.5155014685616126,13,0.007164,0.0040454864501953125,3.5839328451965926,0.11380632648190035,0
0000d17a1447b25a01e42e1ac56b091bb7cbb06317be4cb59b50fec59e0b6381,0000d17a1447b25a01e42e1ac56b091bb7cbb06317be4cb59b50fec59e0b6381,1.006,1.006,13.08,13,0.009766,0.005859375,0.0005770360322492618,0.2594372608313854,0.611,0.6104,7.945,13,0.009766,0.00439453125,8.744797507304984e-05,-0.07678239988676999,0.003853,0.003422,0.05008,0.009674,0.0034666061401367188,3.1432628443558,-0.18718342172389016,0.11255,1.358,0.0539,0.02349853515625,0.013978307381329927,0.09446692088332065,0.04584,0.03505706787109375,0.23873172299492726,0.05293183729198499,0.00438,0.003431,0.05692,0.002806,0.00945,0.0048198699951171875,2.9265287646407843,0.3795353777296883,0.3643,0.328,4.734,0.4836,0.008544921875,0.1642044865201792,-0.172550817200648,0.05673,0.738,0.1290982030932133,0.0878,0.4026,0.004978179931640625,152.61530888476406,0.017306616161615638,0.974,12.664,0.002809317763791027,0.002329,13,0.00879,0.00390625,-0.0004950051991930623,-0.524399148731612,13,0.00934,0.003977775573730469,2.395719253249528,0.21614474486056667,0
0000f99513770170a1aba690daeeb8a96da4a39f11fc27da5c30a79db61c1e85,0000f99513770170a1aba690daeeb8a96da4a39f11fc27da5c30a79db61c1e85,0.4067,0.4082,5.29,13,0.03296,0.010986328125,0.005087455383437948,0.7110605697978251,0.5703,0.5825,7.414,13,0.127,0.06640625,0.02070550126133247,0.8366877750675477,0.00482,0.005096,0.0627,0.00899,0.0022487640380859375,3.693196957234841,0.13649704519319497,0.1597,0.638,0.01807,,-0.02770373172573859,-0.8361204182585641,0.07166,0.015888214111328125,0.7163676733746921,0.7729261101355549,0.929,1.008,12.08,0.1418,1.003,0.0068359375,-0.08294373618302267,-0.46156375002844763,0.1637,0.007076,2.127,0.5996,0.4015312194824219,13.159439650702836,0.7928589405018137,0.0692,0.9,0.1225193131629187,0.0992,0.2874,0.003993988037109375,72.97423035512149,0.7325035601937364,0.9746,8.77,0.002489755621871477,0.002007,9,0.007324,,-0.0001805745067396114,-0.2864459496157732,3,0.963,,56.35245917193898,0.8674566306040631,1
00013181a0c5fc8f1ea38cd2b90fe8ad2fa8cad9d9f13e4063bdf6b0f7d51eb6,00013181a0c5fc8f1ea38cd2b90fe8ad2fa8cad9d9f13e4063bdf6b0f7d51eb6,0.4473,0.455,5.816,13,0.1963,0.068359375,-0.0265525235098186,-0.9430827841098938,0.4849,0.4712,6.3,13,0.298,0.070556640625,-0.01602607813927681,-0.6989370769645216,0.00741,0.007362,0.0963,0.00846,0.00193023681640625,0.4720113032061166,0.21246204740103278,0.182,0.5894,0.04932,,-0.09949478737296735,-0.8370954683610606,0.05435,0.0056610107421875,3.625800001168763,0.7318052967576769,1.005,1.005,13.06,0.002403,0.00879,0.0048828125,0.00016692125099809774,0.2620556555314448,0.06714,0.007328,0.8726,0.4644,0.005954742431640625,32.5690884373735,0.6402452587262608,0.03668,0.4768,0.11774558649147812,0.06027,0.428,0.0032205581665039062,9.501021304387903,0.39253427938285057,0.973,12.66,0.0032152115106113544,0.002705,13,0.00879,0.0048828125,-2.7196430152642836e-05,-0.035745952000140996,2,0.006454,,16.752475247524753,0.9999999999999999,1
0001337ded4e1c2539d1a78ff44a457bd4a95caa55ba1730b2849b92ea687f9e,0001337ded4e1c2539d1a78ff44a457bd4a95caa55ba1730b2849b92ea687f9e,0.3743,0.2559,1.123,3,0.3577,0.1788330078125,-0.28966845882246794,-0.864541229132629,,,0.0,0,,,,,0.963,0.963,2.889,0.001953,0.0009765625,-0.0005060718344564452,-0.5,0.1722,0.51,0.01318,0.006591796875,0.011574648081104089,0.23062796282926026,0.004227,0.00211334228515625,-0.0600260909608159,-0.6036015600168355,0.672,1.0,2.016,0.4414,0.9966,0.49834442138671875,-0.49832735524594207,-0.8685671979160959,0.323,0.3289,0.9688,0.2893,0.1446533203125,0.5917271022162114,0.4689018274487789,0.2764,0.829,0.2626793951402442,0.1782,0.525,0.26255035400390625,15.678782050822036,0.9995087504436004,0.9746,2.924,0.0021283686247757197,0.001628,3,0.003906,0.001953125,0.002006143870648569,0.917662935482247,2,0.00522,,1.973323720259553,0.9999999999999999,1
00013c6e1cec7c21bede7cb319f1e28eb994f5625257f479c53ad6e90c177f7c,00013c6e1cec7c21bede7cb319f1e28eb994f5625257f479c53ad6e90c177f7c,0.2465,0.292,3.205,13,0.382,0.097412109375,-0.19366366209400096,-0.8956308631248134,0.4229,0.506,5.5,13,0.5693,0.13427734375,-0.12538766705229543,-0.7550642491215518,0.594,0.957,7.723,0.9653,0.9537353515625,13.943127197606257,-0.8436456253848093,0.4822,5.883,0.3003,0.070556640625,0.04608972916669619,0.6279042073545118,0.05524,0.0284423828125,0.16131677952078985,0.7081865206534828,0.004345,0.004654,0.0565,0.002165,0.0088,0.0033054351806640625,0.7396671769943785,-0.32668298521396816,0.06525,0.005875,0.848,0.3271,0.12648773193359375,19.83531697690322,-0.297529386685212,0.0476,0.619,0.10588767329391299,0.07336,0.286,0.00542449951171875,15.5545978972804,-0.11352800625313542,0.4553,5.92,0.36932150451476364,0.3203,13,0.8774,0.807373046875,0.2880452917127933,-0.1464240535010715,13,0.0084,0.0051898956298828125,1.2094561526032828,-0.24154281089693516,1
0001812036f1558332e5c0880ecbad70b13a6f28ab04a8db6d83a26ef40aadb0,0001812036f1558332e5c0880ecbad70b13a6f28ab04a8db6d83a26ef40aadb0,0.386,0.3838,5.02,13,0.09106,0.042724609375,0.004343490228313152,0.3618274208637306,0.705,0.8286,9.164,13,0.4224,0.25634765625,0.005111157063844389,-0.6676961150525759,0.00495,0.005302,0.06433,0.0088,0.0023040771484375,0.6471946649655412,0.26400597214908367,0.8833,10.664,1.468,1.35302734375,-0.13083887017463633,-0.943065264570426,0.0658,0.036407470703125,0.49606830420866405,-0.9232595967562371,0.00518,0.004684,0.0673,0.001863,0.008316,0.0027942657470703125,0.5712728460650308,-0.04420615827470633,0.354,0.327,4.6,0.4893,0.004150390625,0.2116696463922357,0.3895823129369522,0.1295,1.683,0.2443600094707719,0.1927,0.688,0.0047473907470703125,26.040403409535823,-0.24658582547312397,0.9746,12.67,0.002124775225919105,0.001728,13,0.006836,0.00244140625,0.0005465002653306886,0.6589243169291638,13,1.568,0.3595705032348633,0.4271858751174166,-0.7887101451889261,1
00018dd4932409baf6083519b52113c2ef58be59e1213e4681d28c7719a65ddf,00018dd4932409baf6083519b52113c2ef58be59e1213e4681d28c7719a65ddf,0.922,0.922,11.984,13,0.1089,0.04541015625,-0.0020053326395684987,-0.43918847423417284,0.6743,0.73,8.766,13,0.3772,0.14013671875,-0.016251969934506172,-0.8148182869222145,0.003487,0.00285,0.04535,0.00827,0.0021543502807617188,0.4421372043617225,-0.10076906144059096,0.10986,1.491,0.04987,0.030517578125,-0.01980726067751712,-0.8741912850952269,0.1199,0.0319366455078125,2.5358294493292997,-0.13150334680428996,0.006435,0.006653,0.0837,0.002176,0.00864,0.003551483154296875,0.2991460285391972,-0.07515470777194493,0.4915,0.4797,6.39,0.3782,0.2822265625,0.05117086107811112,-0.13416014062949905,0.2178,2.832,0.20968247733488424,0.1975,0.4275,0.4188194274902344,58.70646143858831,0.03212681556238845,0.9736,12.66,0.0032996638887879733,0.002855,13,0.00928,0.0048828125,-0.0004895674659384508,-0.0633292029966728,13,0.618,0.04736328125,19.24765591292996,-0.3946870087019063,0
000198b3dc70edd65dbf0d7eddbcb926c6d7dbd7986af19d91ef3992ae3ab896,000198b3dc70edd65dbf0d7eddbcb926c6d7dbd7986af19d91ef3992ae3ab896,0.3982,0.3582,5.18,13,0.3125,0.19091796875,0.07806452487847877,0.4620515500219019,0.7046,0.6597,9.16,13,0.789,0.2890625,0.10683886628193799,0.24884923230889622,0.00401,0.003338,0.05215,0.009766,0.00485992431640625,1.7261949085144312,0.19929393301139306,0.3044,5.61,0.6626,0.456298828125,0.14986590451039702,0.9031335841965923,0.436,0.232177734375,0.09835485237284187,-0.16585561495556023,0.00354,0.003223,0.04602,0.001733,0.00802,0.001789093017578125,0.6392377626833424,0.12093244980377338,0.1821,0.1705,2.367,0.1511,0.0032958984375,0.03448299028664271,-0.16257024912466705,0.517,6.723,0.11802039898349076,0.1007,0.265,0.25244140625,0.06946041268701657,0.13478574190828319,0.973,12.65,0.0036287796189196113,0.003231,13,0.009766,0.00634765625,-0.00015424157599833177,0.20442852058649152,13,0.219,0.14111328125,0.039519779863874505,0.36414849961821233,0
000201146e53cacdde1c7e9d29f4d3c46fd4d9231a3744aa39fb9c6afa79b708,000201146e53cacdde1c7e9d29f4d3c46fd4d9231a3744aa39fb9c6afa79b708,0.873,0.872,11.34,13,0.2261,0.05859375,0.01376213184609662,0.110489559389895,0.644,0.6997,8.37,13,0.583,0.23193359375,0.07533963835851655,-0.25811620128134743,0.00624,0.0061,0.0812,0.006153,0.002086639404296875,0.10014177164648926,0.31023272464335966,0.11383,1.46,0.02911,0.01361083984375,0.01233202648616158,-0.3072312152328184,0.0477,0.02510833740234375,1.0702430774228753,-0.13980862877571656,0.004883,0.004463,0.0635,0.00226,0.007965,0.004215240478515625,0.49172158536657345,0.10761735598619873,0.747,0.7075,9.71,0.3262,0.18310546875,0.017820571768126802,0.08267845674498761,0.501,6.51,0.12118554875622323,0.0915,0.3962,0.11279296875,0.15969889303546347,0.056558350671479005,0.976,12.69,0.002250525823376221,0.001916,13,0.006836,0.00341796875,-3.5090136272268126e-05,-0.06963875355150011,13,0.078,0.0616455078125,0.030459820161351386,0.15034799624945386,0
0002d381bdd8048d76719042cf1eb63caf53b636f8aacdba49365fd1ab7d0f36,0002d381bdd8048d76719042cf1eb63caf53b636f8aacdba49365fd1ab7d0f36,0.9985,1.004,12.984,13,0.06396,0.001953125,9.83907541469801e-05,0.18108112880712296,0.642,0.628,8.34,13,0.2744,0.05517578125,-0.005799915283546138,-0.35544928195462744,0.00587,0.00645,0.0763,0.00843,0.004878997802734375,0.30890524842923717,-0.1566605002065149,0.3447,2.922,0.1858,,-0.04134747213858547,-0.9201456710877878,0.008705,0.0046291351318359375,0.5430789356061113,-0.229860045534308,0.5435,1.001,7.066,0.4978,1.008,0.9997634887695312,1273.8232714086737,-0.04080560433414429,0.107,0.00675,1.391,0.3293,0.24103736877441406,6.546277104680587,0.1468638232131311,0.005173,0.06726,0.003163319510352937,0.00288,0.008415,0.0054340362548828125,5.897527481967369,0.3894525782610044,0.975,12.68,0.0023754100780153803,0.001616,13,0.0083,0.00146484375,-0.00016067494269866867,0.0747745929187804,6,0.00895,,0.6405780110218654,0.4005705271426555,0
0002e335892f7998f0feb3a59f32d652f0da7c85e535b99ea6f87fd317ed47f4,0002e335892f7998f0feb3a59f32d652f0da7c85e535b99ea6f87fd317ed47f4,0.5786,0.5825,7.52,13,0.0757,0.01416015625,-0.004821323538779444,-0.05162865312446157,0.617,0.619,8.02,13,0.2095,0.03173828125,-0.02630005494066646,-0.6301700935791819,0.00566,0.006348,0.0736,0.00968,0.00473785400390625,5.488686122451651,-0.23137752643880016,0.134,0.7383,0.04578,,-0.020606302611088017,-0.8526574520760576,0.0435,0.03849029541015625,2.7109218441307905,0.7462911853550693,0.774,1.004,10.06,0.3557,1.008,0.0078125,18.175081685282823,-0.2445174980721816,0.1168,0.005898,1.519,0.7607,0.005340576171875,9.723449892473713,0.40045500731840117,0.1056,1.372,0.24435052050356224,0.1692,0.687,0.0029449462890625,7.073942291926567,0.3995932270891926,0.8896,11.56,0.30016748710397406,0.1536,13,1.087,0.00390625,-0.9144723813265226,-0.2300379054631021,3,0.02441,,-0.030890720270810024,-0.9790755624849468,1
00031e8be98bc3411f6037cbd4d3eeaf24b3ae221682b77900533c9bb36ec41f,00031e8be98bc3411f6037cbd4d3eeaf24b3ae221682b77900533c9bb36ec41f,0.7217,0.715,9.38,13,0.1631,0.06103515625,0.013711036588814396,0.6867062980897658,0.7075,0.7393,9.195,13,0.4448,0.0576171875,0.03832161701532796,0.04267819417270192,0.00464,0.00426,0.06033,0.00919,0.0047626495361328125,0.9883339772798023,0.34625482624227955,0.1638,2.115,0.0293,0.005859375,0.006549500426299639,0.2752141936322986,0.5635,0.0609588623046875,3.107349076621482,0.0552236180290226,0.00413,0.002922,0.0537,0.002743,0.009186,0.005343437194824219,2.1194795108063365,0.16159942568057256,0.3252,0.3213,4.227,0.4866,0.2386474609375,83.95462482182465,-0.6317550191491419,0.3506,4.56,0.15862735374904735,0.11707,0.4263,0.00439453125,14.662932760314504,-0.27996367172666337,0.9736,12.66,0.002707932722871457,0.00214,13,0.00879,0.00439453125,-0.0001588376107859446,-0.13118518056122225,13,0.1189,0.055908203125,0.006158580606935647,0.6029104695471372,0
000333075fb8ec6d504539852eeeb762643562e701ac79b2101ab0f9471eeb5a,000333075fb8ec6d504539852eeeb762643562e701ac79b2101ab0f9471eeb5a,0.674,0.667,8.76,13,0.07666,0.0478515625,0.009005820354596064,0.95411975271039,0.668,0.665,8.69,13,0.2319,0.064453125,0.014777561848963838,0.1248159700708833,0.005123,0.005455,0.0666,0.00888,0.005214691162109375,1.4560606454265488,-0.002412894613957002,0.073,0.781,0.128,0.037750244140625,-0.8459521300488736,0.701165817515094,0.2563,0.09686279296875,0.11474440526874341,-0.10231836240645158,0.00666,0.00686,0.08655,0.001598,0.007187,0.00249481201171875,0.17818950934172317,0.09822510694385261,0.9404,1.003,12.23,0.4028,0.24658203125,-0.004550165519525205,-0.7027485617015643,0.4253,5.53,0.0029909941242162517,0.002329,0.009766,0.003173828125,0.0011424558284729713,0.6183031188515348,0.973,12.65,0.0023715465730271396,0.002066,13,0.006348,0.00439453125,4.891039741339309e-05,0.1806325153178743,13,0.227,0.08154296875,0.03607239311490692,0.6236217063338914,1
000391f219520dbca6c3c1c46e0fab569da163f79ee266b2cc95fb31029ce617,000391f219520dbca6c3c1c46e0fab569da163f79ee266b2cc95fb31029ce617,0.5596,0.57,2.238,4,0.1523,0.11279296875,-0.0831009490913105,-0.9349212892427539,,,0.0,0,,,,,0.963,0.963,3.852,0.00537,0.00390625,0.0015309069131683357,0.43656412506539943,0.714,2.646,0.58,0.36505126953125,0.4456444429685052,0.9647899498944916,0.1342,0.09786224365234375,0.6691053364510848,0.96561892101374,0.7544,1.002,3.018,0.3738,0.999,0.25197696685791016,-0.32947544694274267,-0.7720609459433299,0.1761,0.1412,0.7046,0.2129,0.1048431396484375,0.2602682634715296,0.17456502958167716,0.1792,0.717,0.21396178959219495,0.1781,0.4294,0.3194757401943207,733.7642741025761,0.09097638877649007,0.9033,3.613,0.14169266499586047,0.1063,4,0.2856,0.0721435546875,-0.09616231895149974,-0.767425371668384,2,0.9106,,128.3068242880172,1.0,1
00039533fe0b61bcf1ec0d1aefe6acb5469ea0f0d1b0ad59ae721e5b86db12f1,00039533fe0b61bcf1ec0d1aefe6acb5469ea0f0d1b0ad59ae721e5b86db12f1,0.2478,0.2349,3.22,13,0.1633,0.087890625,0.0011743541878752224,-0.6084631328954555,0.505,0.554,6.562,13,0.3262,0.139892578125,0.020068827904972043,-0.22780964556609104,0.0782,0.005325,1.017,0.9673,0.00690460205078125,6.554194334718539,-0.46354561761115,0.18,2.564,0.1937,0.038818359375,0.037155332794238834,0.47386511853235036,0.04187,0.01419830322265625,0.14688290946476948,0.31535913861225756,0.004295,0.00329,0.05585,0.002666,0.00924,0.0034046173095703125,0.7022768574137134,-0.1176537204988334,0.1597,0.1236,2.076,0.366,0.3242835998535156,16.19165035283566,0.28422502048112347,0.005196,0.0675,0.002298504551301228,0.001883,0.00774,0.0030155181884765625,0.5859920764227174,-0.20359651262750172,0.441,5.73,0.6276504700942391,0.5737,13,1.715,1.033050537109375,0.12809656821450957,0.7480030513499648,10,0.0083,,2.0279950100983086,0.43885952871281225,1
0003b7891c49786441d138c01f55f1712df645989dcd2a83106ab4a229fee72d,0003b7891c49786441d138c01f55f1712df645989dcd2a83106ab4a229fee72d,0.9473,0.947,12.31,13,0.05908,0.00927734375,-0.0018647135002056725,-0.13771776939091443,0.5825,0.5825,7.574,13,0.1299,0.05224609375,-0.0034184084287243177,-0.019775904292563824,0.00518,0.004314,0.0673,0.00842,0.004077911376953125,0.5639652390717265,-0.49227374496309856,0.324,5.0,0.4307,0.216552734375,0.03844141451019944,-0.16133764656675229,0.0603,0.016845703125,0.385682946828309,0.5601087391819641,0.00593,0.006363,0.07715,0.002651,0.00932,0.0048885345458984375,1.9931547332358377,-0.16356066920041396,0.2051,0.1732,2.666,0.1542,0.0074462890625,0.10568945622952132,0.01396405015985251,0.3926,5.1,0.06252879310935092,0.05063,0.148,0.0068359375,0.027159186388847862,0.23451795655907293,0.973,12.65,0.003150871969100794,0.002628,13,0.009766,0.00390625,9.350781591548525e-05,0.24206713726651405,13,0.2625,0.111328125,0.02417116085323895,0.7054562157769144,0
0003e58375faf90552b2861c1ccea4ee5757827cbb6ecd15a334e47e95774185,0003e58375faf90552b2861c1ccea4ee5757827cbb6ecd15a334e47e95774185,0.8257,0.833,10.734,13,0.0635,0.00439453125,0.0037343485320112577,0.5851068495748623,0.6353,0.65,8.26,13,0.1724,0.04736328125,0.01639097212070481,0.35275870507923074,0.00485,0.0057,0.06305,0.00884,0.0058917999267578125,0.8943605757657083,0.2115081098817022,0.2335,3.445,0.4,0.166748046875,0.14536411822262355,0.1683703813609918,0.01,0.0047588348388671875,0.7292849178537874,-0.5728034726945382,0.00398,0.005035,0.0517,0.002226,0.00903,0.003780364990234375,1.1473366914561915,-0.4774385295772866,0.2861,0.3245,3.719,0.858,0.1986083984375,0.21781158310210733,-0.5481442566549143,0.05783,0.752,0.13510075376400607,0.0914,0.4272,0.006296634674072266,43.32181986657924,-0.5270689201487916,0.9746,12.67,0.0025135815773894106,0.002028,13,0.00879,0.00341796875,-0.0002868755784785256,-0.2119927077718838,13,0.2708,0.00290679931640625,2.335825822863605,-0.410983102576604,0
000445609ff2a39d2dd02484899affa5696210a95f6869f26390bd26eeb3b651,000445609ff2a39d2dd02484899affa5696210a95f6869f26390bd26eeb3b651,0.972,0.972,12.64,13,0.04395,0.01025390625,-0.0010964366535696397,-0.10753491906161924,0.6167,0.621,8.016,13,0.0967,0.04150390625,-0.002007434879665861,-0.00034293867397077685,0.003445,0.002907,0.04477,0.00882,0.0030231475830078125,1.3846326567342861,0.05058970548535216,0.1692,1.547,0.01245,,0.002246477673125543,0.7938475933729209,0.0081,0.0062580108642578125,0.795991438789934,-0.015402707297646048,0.697,1.002,9.06,0.4258,1.008,0.9958648681640625,1712.0095886645224,0.4422463305038999,0.05713,0.004925,0.7427,0.322,0.004756927490234375,7.012229563002343,0.08209690616109526,0.005013,0.0652,0.0028357021703227588,0.002392,0.00854,0.0042438507080078125,1.8665684436377203,0.4471928862450102,0.9717,12.63,0.0021298042867431977,0.00169,13,0.006836,0.001953125,6.512757368052717e-06,-0.08339748525456118,4,0.00722,,0.017882823437235948,-0.9516498469569387,0
000473eb907b57c8c23f652bba40f87fe7261273dda47034d46fc46821017e50,000473eb907b57c8c23f652bba40f87fe7261273dda47034d46fc46821017e50,0.5425,0.5513,7.05,13,0.1428,0.078369140625,-0.018004107193369607,-0.6401352493988148,0.6504,0.711,8.45,13,0.3784,0.27294921875,-0.03587016945784921,-0.7441710071431292,0.00536,0.005672,0.06964,0.009125,0.0042057037353515625,3.0111183967896697,-0.32157184042752357,0.1672,2.691,0.1649,0.0634765625,0.05775871049657141,0.8792530237334387,0.02132,0.0153350830078125,0.8851658871386988,-0.7970412909485498,0.0816,0.00585,1.061,0.1416,1.002,0.0063800811767578125,3.6865707589249355,-0.4607883569229505,0.1573,0.1696,2.045,0.3674,0.3239021301269531,6.9754634274775995,-0.6838071105490011,0.07025,0.913,0.12321403368272021,0.09973,0.2886,0.003025054931640625,18.320812033872702,-0.2970818458750786,0.5693,7.402,0.4588960726595592,0.435,13,1.009,0.8179931640625,-0.8195701108267207,-0.0971976006924865,11,0.00787,,3.497572362701675,0.4356875103683904,1
0004837f0c785928a29a6f83f70f4a1c54caec483a773ff4b5b317ac251abda0,0004837f0c785928a29a6f83f70f4a1c54caec483a773ff4b5b317ac251abda0,0.665,0.6636,8.65,13,0.084,0.0439453125,-0.008179840530926324,-0.7652976451264252,0.5625,0.558,7.316,13,0.1709,0.064453125,-0.0067442458437945345,-0.369946604617974,0.00564,0.006954,0.0733,0.00951,0.0043392181396484375,0.7032696586121833,0.20837122526004775,0.3813,4.938,0.3008,0.146484375,-0.05906706595199452,-0.9544864461831631,0.2249,0.1160125732421875,1.396004454391032,-0.2946271291062598,0.005608,0.006836,0.0729,0.00223,0.00992,0.00347137451171875,16.975143138931134,0.2159173247948439,0.3765,0.3284,4.895,0.4287,0.137939453125,0.11630419403207463,-0.002263930096876901,0.0471,0.612,0.1062936157801116,0.07367,0.2878,0.006475925445556641,9.48030332626798,0.05318964538414472,0.9634,12.52,0.03601851331804247,0.01837,13,0.1338,0.00341796875,0.013105879334810397,0.4681892933438743,13,0.00786,0.002429962158203125,0.28615258746754146,0.09107878449116648,0
0004860c260168fcaad0734a1dfedb7ceb1a83aaac54e24c27244b77308fd8b7,0004860c260168fcaad0734a1dfedb7ceb1a83aaac54e24c27244b77308fd8b7,0.2603,0.209,2.342,9,0.4434,0.099853515625,-0.17986375982714245,-0.8962147482818836,0.1359,0.11993,0.815,6,0.271,,0.057064907749850444,0.07117371877435029,0.961,0.961,8.65,0.007324,0.00244140625,0.0005784000708165399,-0.01971296619662881,0.849,6.457,0.7754,,0.20902048339402787,0.9596547576022173,0.2793,0.059814453125,-0.0606763388633047,-0.7750043740877604,0.2269,0.00744,2.041,0.345,1.005,0.00736236572265625,1.4365288219026389,-0.7247603581824447,0.1963,0.1732,1.767,0.1488,0.0064697265625,0.07466044871567212,0.6327312656876966,0.5864,5.277,0.26450095342877106,0.1906,0.9595,0.257568359375,-0.12514159189398139,-0.6327094069671406,0.92,8.28,0.10839486331030326,0.08923,9,0.317,0.14404296875,0.015781639799687136,0.40833816341515605,9,1.617,0.619140625,-0.12419428962993463,-0.8073095778772964,1
0004b8596c4946866d1b27a8b40488ecf49c6eae9c7bf4afcb6a8642b321124c,0004b8596c4946866d1b27a8b40488ecf49c6eae9c7bf4afcb6a8642b321124c,0.8765,0.8833,11.39,13,0.1465,0.03759765625,0.011245078167907374,0.795149125545008,0.721,0.752,9.375,13,0.469,0.09912109375,0.05682106624731195,0.27330242147713857,0.00544,0.00489,0.07074,0.008575,0.00585174560546875,0.7625341250846881,0.17238191991731708,0.2396,3.182,0.0637,0.0172119140625,-0.012925799312026337,-0.29549123847792597,0.00916,0.005841255187988281,2.844127801642957,0.2504152449379585,0.618,1.001,8.04,0.4739,1.007,1.0007514953613281,38.72112111444686,0.8445850557893974,0.3284,0.3281,4.27,0.00952,0.0029296875,-0.0010825244637260034,0.042213845896866255,0.005928,0.0771,0.0028851322964328356,0.002287,0.00957,0.0033111572265625,3.558824928343661,-0.3964173553348846,0.9746,12.67,0.003002341799180944,0.002628,13,0.00879,0.0048828125,5.2680065073196225e-05,-0.0870008722403171,2,0.00343,,-0.04325442648190916,-0.9999999999999999,0
0004e00358fc4dd633e491c8090a0794b6165ed9a7e60c02bdab9ac745f661c2,0004e00358fc4dd633e491c8090a0794b6165ed9a7e60c02bdab9ac745f661c2,1.006,1.005,13.07,13,0.009766,0.0048828125,1.3763588171511465e-05,0.08146130799625569,0.652,0.651,8.48,13,0.0957,0.02978515625,-0.011364389629680236,-0.812571741904242,0.006012,0.005665,0.0781,0.006203,0.003238677978515625,0.11192780872564863,-0.5821653540984625,0.08856,1.227,0.05103,0.01666259765625,-0.039840813995312564,-0.9010168159329468,0.09155,0.02545166015625,0.12595701965713701,-0.009155450346622983,0.005814,0.005665,0.0756,0.001707,0.007835,0.0032501220703125,0.1741123390549116,-0.10081925347178268,0.5425,0.4907,7.05,0.2764,0.010986328125,0.03140500961161329,-0.090475308763651,0.52,6.76,0.10104861975434934,0.07574,0.259,0.086669921875,0.07247328960992307,0.6228712824009138,0.9727,12.64,0.00205381957849945,0.001728,13,0.00586,0.00341796875,-8.035208134798966e-05,-0.36119338660318784,13,0.0863,0.028564453125,0.0053788925631991875,0.4469934339608739,0
0004ec03ca1ab2adb9aa260c61ba5dce8185e19d3ab704029f989240c733b6d0,0004ec03ca1ab2adb9aa260c61ba5dce8185e19d3ab704029f989240c733b6d0,0.97,0.968,12.62,13,0.01611,0.0068359375,0.0011893915286296426,0.18146798982964935,0.6147,0.612,7.992,13,0.03467,0.01025390625,0.003257766710519777,0.411623750835762,0.00459,0.00402,0.05966,0.00818,0.003047943115234375,0.24694604114179364,0.21235171426229582,0.11053,1.394,0.04736,0.01483154296875,0.04124344132380484,0.8971774879615741,0.1279,0.058837890625,0.25367659546992827,-0.13523186245125313,0.005676,0.005363,0.0738,0.00272,0.00911,0.00539398193359375,1.5862029824507566,0.12027307167323718,0.741,0.708,9.63,0.5234,0.1875,-0.0197383114639758,-0.6568865562636889,0.5107,6.637,0.09217753466309536,0.0766,0.2642,0.126953125,0.017674645949525402,-0.053670868800280096,0.9746,12.67,0.0022714802626555694,0.001728,13,0.00879,0.001953125,-3.6748569772454553e-05,0.17939047103126154,13,0.3594,0.05322265625,0.057190431270399626,0.7109902330988197,0
00050d84c6d26e26cd2b18c3eed83d3130c270e2361470ff272f9409103d067f,00050d84c6d26e26cd2b18c3eed83d3130c270e2361470ff272f9409103d067f,0.953,0.9443,12.39,13,0.08887,0.03564453125,0.0076901432194834045,0.6993559984148895,0.6597,0.6304,8.58,13,0.1729,0.083984375,0.016346400120247417,0.6335455027681717,0.003748,0.003363,0.04874,0.008156,0.0029201507568359375,0.9536136776702849,-0.13336112659331575,0.02222,0.2374,0.0536,0.0195465087890625,-0.8973871340456342,0.5403783862191792,0.1765,0.076873779296875,0.5160207531040132,-0.5009462755736012,0.005424,0.005657,0.0705,0.002907,0.0094,0.0060291290283203125,5.266924272245383,-0.06762778911562663,0.8745,0.9185,11.37,0.3525,0.0712890625,0.0034475716111898405,-0.1681016041804383,0.4263,5.54,0.0025524980257029964,0.002348,0.00708,0.00439453125,-0.0002431889161092863,0.15145375312333106,0.9727,12.65,0.0021547735369593715,0.001841,13,0.006836,0.00341796875,0.00038151692646237745,-0.03879109904583604,13,0.1272,0.07861328125,0.013120231116604125,-0.32934645663820433,0
000548e99fa24cef8377e68e602e4bd70d30500a007999236e13f58ca8a259da,000548e99fa24cef8377e68e602e4bd70d30500a007999236e13f58ca8a259da,0.8555,0.854,11.12,13,0.06396,0.0234375,-0.0015477495546054505,-0.2947747147625675,0.625,0.6406,8.125,13,0.1538,0.08154296875,-0.012458478323819503,-0.42077280261986283,0.004955,0.005264,0.0644,0.00901,0.00655364990234375,1.913094550930909,0.06783603577726481,0.05875,0.09436,0.1664,0.155517578125,-0.10453670424869488,0.8801629618361921,0.17,0.031463623046875,0.2682677110892772,-0.3504356476467319,0.005333,0.004887,0.06934,0.00244,0.008736,0.005260467529296875,1.0575864741695853,0.1531458615095587,0.9604,1.004,12.49,0.2534,0.005859375,-0.012626215746011702,-0.4812609091138187,0.579,7.527,0.18585170360187603,0.1661,0.432,0.263671875,0.0520076168134681,0.00815164365638929,0.974,12.664,0.003500586184645423,0.003231,13,0.00879,0.00634765625,0.00022291097634319357,0.17609822069051073,13,0.3044,0.1156005859375,0.09545600078129997,0.9501842111995398,0
00055add5eaee481b27e40af3f47b8b24e82c1e550f6ab010000e7685692f281,00055add5eaee481b27e40af3f47b8b24e82c1e550f6ab010000e7685692f281,0.832,0.8325,10.81,13,0.04492,0.0087890625,-0.0010623097162725987,-0.3680634230911717,0.625,0.6143,8.125,13,0.11865,0.0439453125,-0.0067558740274706415,-0.3440666057381169,0.005093,0.00504,0.06616,0.00929,0.00423431396484375,1.764104607984814,0.14068201385971846,0.1754,1.533,0.02527,,0.012739567839862445,0.9032726560853078,0.008766,0.005947113037109375,1.3557711616712875,-0.072266377615851,0.4656,0.006413,6.05,0.4976,1.009,0.9986057281494141,47.88002004045868,0.3715243124708444,0.03018,0.005955,0.3923,0.326,0.003368377685546875,3.3337647360362426,-0.15901359665796105,0.004528,0.05884,0.00339146041201398,0.00286,0.00944,0.0059604644775390625,2.3806157691202317,0.33788406885323313,0.973,12.65,0.0031318979670663335,0.00248,13,0.00928,0.0029296875,-0.00011327474882844024,-0.08006585901503648,2,0.001811,,0.1434615094054544,0.9999999999999999,0
00057576e6eab4633ec2893ca7e0ab76f2094ad2d43b1e3749db49d51e064ee9,00057576e6eab4633ec2893ca7e0ab76f2094ad2d43b1e3749db49d51e064ee9,0.0805,0.1042,1.047,13,0.3098,0.252471923828125,-0.07860327967783688,-0.9296785173440375,0.3384,0.3723,4.4,13,0.5845,0.2239990234375,-0.9860379605068991,-0.5754407164734218,0.004368,0.00457,0.05676,0.007866,0.005031585693359375,1.4105633686737509,0.15732249384487287,0.135,1.831,0.03223,0.024169921875,0.018312934942421154,0.8855394680610246,0.04214,0.0296630859375,-0.04793797106480779,-0.6075180672326479,0.1588,0.005165,2.064,0.261,1.006,0.0054950714111328125,44.52602516874838,0.6268328009181577,0.1483,0.004116,1.928,0.6636,0.32227134704589844,49.74406942986308,-0.28504249202779675,0.06946,0.9033,0.15707192444944873,0.1088,0.4243,0.004932403564453125,4.766285703186001,-0.4058925815012309,0.483,6.277,0.5530812152629034,0.3767,13,1.717,0.523193359375,-0.6021878364303075,-0.3201834662741057,11,0.00808,,0.40846350835984274,0.3342762427093563,1
00057c2d8d887fa3f777d97dc939700731575772e6c99025aaa0ab56870353ce,00057c2d8d887fa3f777d97dc939700731575772e6c99025aaa0ab56870353ce,0.9854,0.9863,3.941,4,0.01172,0.0069580078125,-0.00013002910567698014,0.10340729813185669,,,0.0,0,,,,,0.965,0.964,3.86,0.00537,0.0013427734375,9.447887666177065e-06,-0.2737199309863917,,0.0,,,,,0.00834,0.0035703182220458984,-0.0627049370614674,-0.5139411491297344,1.006,1.007,4.023,0.001953,0.00586,0.00146484375,0.0003327642308702898,-0.09534625892455924,0.00422,0.00396,0.01688,0.006184,0.0032799243927001953,0.7767238489796343,0.9932955845780329,0.003506,0.01402,0.002847103501890185,0.001772,0.006973,0.001795843243598938,29.33602644504001,0.3257238322030423,0.9746,3.898,0.003009967774887194,0.001953,4,0.007324,0.002197265625,-0.0009878733255007284,-0.20942695414584775,0,,,,,0
0005a6ae24fd274640a237ea56c43b1ef9e32077ad168a90d464dcf2bd5976fb,0005a6ae24fd274640a237ea56c43b1ef9e32077ad168a90d464dcf2bd5976fb,0.9863,0.9946,11.836,12,0.0791,0.0269775390625,0.006156897500251088,0.13018063246954326,0.6626,0.657,7.95,12,0.2241,0.04931640625,0.01795093068984196,-0.24636511177363307,0.00421,0.004322,0.05054,0.00805,0.004262208938598633,0.8485155981745701,-0.2114415218296512,0.11896,1.359,0.04517,0.011810302734375,-0.025740009829248723,-0.640146520841608,0.4663,0.2047882080078125,4.360699345389675,-0.2153095890712603,0.004307,0.00367,0.0517,0.002256,0.007004,0.004564762115478516,0.34975537057934725,0.5147123899146807,0.7324,0.753,8.79,0.27,0.0032958984375,0.017983941558121178,0.2270640373253184,0.725,8.7,0.0767280765150581,0.06366,0.1729,0.046142578125,0.02676059651179118,0.7071221246973769,0.9746,11.695,0.002750011832892235,0.002401,12,0.007812,0.0047607421875,0.0004173959115341837,0.3469547410175281,12,0.1548,0.060821533203125,-0.03763488411150675,-0.5661280619162644,0
0005e52a3fa31b7eed49ceb576f011433ee2578833cd3f9d51c9dd9448a198ff,0005e52a3fa31b7eed49ceb576f011433ee2578833cd3f9d51c9dd9448a198ff,0.6777,0.6836,5.42,8,0.1196,0.0655517578125,-0.023334548647930307,-0.9182202682142414,0.5073,0.4849,2.03,4,0.1223,,0.02275630119606975,-0.15536109381594024,0.961,0.9614,7.688,0.009766,0.0032958984375,1.7562885028949665e-05,-0.21071614674339004,0.8203,6.254,0.9785,0.76226806640625,0.26625652148391027,0.9499091950132195,0.4727,0.42703723907470703,4.071104617017631,0.9201932712366031,0.381,0.00939,3.049,0.4683,1.008,0.9965229034423828,-0.16723823414360117,-0.8461270209327676,0.328,0.3667,2.623,0.2474,0.132232666015625,0.14563798942098652,0.6697292412447158,0.2666,2.133,0.1179576114790007,0.0665,0.4229,0.0008544921875,130.5722767097972,0.5282287009364024,0.976,7.81,0.003043026012593315,0.002014,8,0.009766,0.00146484375,0.0002274170030118602,0.07954440605227425,7,0.9585,,22.310309422959403,0.801661378954498,1
0005ef1480ffe4f0e5908eae07db8e05f2e705bca6a57db3b97d1da2eb6c7cab,0005ef1480ffe4f0e5908eae07db8e05f2e705bca6a57db3b97d1da2eb6c7cab,0.1277,0.1277,0.2554,2,0.1183,0.05914306640625,-0.6333333333333333,-1.0,-0.1599,-0.1599,-0.3198,2,0.2637,0.13188934326171875,9.430987452264048,-1.0,0.00425,0.00425,0.0085,0.003483,0.0017414093017578125,-0.5815286624203821,-1.0,,0.0,,,,,0.0063,0.0031518936157226562,-0.772196261682243,-1.0,1.003,1.003,2.006,0.000977,0.001953,0.0009765625,-0.0019455252918287869,-0.9999999999999999,0.002365,0.002365,0.00473,0.002415,0.0012073516845703125,2.085667215815486,1.0,0.003384,0.006767,0.0020716018980074633,0.001465,0.00293,0.00146484375,1.5268389662027833,1.0,0.9775,1.955,0.0020716018980074633,0.001465,2,0.00293,0.00146484375,-0.0029925187032419087,-1.0,0,,,,,1
0005f2ab0cc352cd64eac9e60b981ed8c3289d20fa5fcef78973c468916fdfc9,0005f2ab0cc352cd64eac9e60b981ed8c3289d20fa5fcef78973c468916fdfc9,0.8984,0.8945,11.68,13,0.1089,0.041015625,-0.0008095265697059076,-0.12459063817384149,0.631,0.6187,8.195,13,0.2922,0.1533203125,0.011915074726380972,-0.12202843011736406,0.00457,0.00332,0.05942,0.00907,0.00444793701171875,1.4600149389072767,-0.3053850327434356,0.06903,0.8984,0.112,0.058013916015625,-0.11673145289031271,-0.9550978869068065,0.1533,0.06231689453125,0.5223748859782426,0.42807053938415723,0.00437,0.004326,0.05685,0.002403,0.0076,0.004364013671875,1.4879396495547497,0.13274665126276944,0.96,1.001,12.484,0.251,0.08154296875,-0.0016954194820456754,-0.4492871066728788,0.811,10.54,0.13019610616543928,0.10266,0.3862,0.15478515625,0.01147482211714801,-0.15030849012974765,0.974,12.664,0.0029192354955802765,0.002441,13,0.0083,0.0029296875,-0.000284099757764907,0.06800302007930029,13,0.1622,0.031982421875,0.018669321224459506,-0.4156283804297239,0
00062483fb33d6129dd4ee7e5a12f751d2e7010ac0df0178997c628883695603,00062483fb33d6129dd4ee7e5a12f751d2e7010ac0df0178997c628883695603,0.637,0.653,5.098,8,0.1382,0.087890625,-0.02670811094729361,-0.809080637337654,0.4814,0.4739,2.406,5,0.2488,,0.05566368065937116,-0.18712149095534103,0.987,0.992,7.895,0.04834,0.0281982421875,0.006373243370010963,0.7317745855075981,0.1771,0.1771,0.0,,,,0.00769,0.004857063293457031,0.1845919532687183,-0.6818230131142923,1.006,1.006,8.05,0.00232,0.00879,0.003173828125,8.345723184834317e-06,-0.24073581455853518,0.04507,0.005623,0.3606,0.3274,0.005103111267089844,7.55992651692742,0.5818635466237279,0.00538,0.04303,0.00308899368907168,0.00247,0.00894,0.003324270248413086,2.7223144290297774,-0.32771003227547973,0.973,7.785,0.002928960800869422,0.00238,8,0.007812,0.005126953125,0.0008653679859652755,0.8215604649338009,0,,,,,0
00062d39ff054c4e18d5dba3b988c94277246d2d4aee42e588c62bc8b3ac1f5b,00062d39ff054c4e18d5dba3b988c94277246d2d4aee42e588c62bc8b3ac1f5b,0.839,0.8555,10.91,13,0.1494,0.03369140625,0.015256076200527565,0.8827780097759641,0.657,0.688,8.54,13,0.2314,0.04296875,0.030153871070948007,0.7521227288188366,0.004475,0.00501,0.05817,0.00891,0.0026493072509765625,10.632925306821225,0.3396658022734661,0.923,12.23,0.2979,0.064453125,-0.007549254904361008,0.20115454132133284,0.2258,0.1071624755859375,0.9664534500331419,0.7277641953978582,0.004665,0.004055,0.06067,0.002317,0.0082,0.00342559814453125,0.5758642566487427,-0.4534575811847868,0.1718,0.173,2.232,0.0083,0.005126953125,-0.0009797008040752138,-0.060234123581917605,0.54,7.023,0.12746882684727517,0.0927,0.4272,0.10302734375,0.05058125423420531,0.5060240920955856,0.9736,12.66,0.002587288175975747,0.001991,13,0.00928,0.0029296875,-0.000454840030518507,-0.12518740029425138,13,0.1963,0.09423828125,0.0310236877085176,0.28792491816354226,0
000664572b701ea9833f05597f0c5347f471737baa925a3c2829c84df4606d46,000664572b701ea9833f05597f0c5347f471737baa925a3c2829c84df4606d46,0.5347,0.5244,6.953,13,0.0781,0.0029296875,0.007075182841321905,0.657604111722804,0.6753,0.674,8.78,13,0.1577,0.04443359375,0.001483998216234091,-0.37495265021530005,0.5195,0.957,6.754,0.965,0.9607467651367188,-0.0508902734022181,-0.8674991223926254,0.1621,2.062,0.1015,0.040771484375,0.022626746765079458,0.338362559858908,0.0966,0.0058536529541015625,4.564245848435639,0.4233519318437295,0.004177,0.00455,0.05432,0.00253,0.00827,0.0043487548828125,2.7694808480607733,0.19633512020362243,0.4966,0.481,6.453,0.5864,0.292724609375,0.3109534852536743,0.6011177020763031,0.3447,4.48,0.22734311770309384,0.1837,0.677,0.22705078125,13.329827059523984,0.6099987830597753,0.974,12.664,0.0031010024224052044,0.002779,13,0.00879,0.005859375,-0.0006595142460367742,-0.47170411060251893,13,0.196,0.138427734375,0.030589681185761868,-0.13796443955817136,0
000678921d09c5503d34055ab96b150a972f59a96471b987415c21ba1e86605a,000678921d09c5503d34055ab96b150a972f59a96471b987415c21ba1e86605a,0.9775,0.972,12.71,13,0.06104,0.05078125,0.0048398697930799595,0.6697011469076959,0.658,0.6523,8.555,13,0.2178,0.02587890625,-0.014226465707098032,0.009144570466898991,0.003805,0.00433,0.04947,0.005966,0.00453948974609375,0.5142332376414037,-0.3909719487503538,,0.0,,,,,0.00932,0.0049190521240234375,2.5092191398098476,0.18269086007484026,1.004,1.003,13.055,0.003004,0.009766,0.0068359375,-6.713760421360922e-05,-0.24367590224433358,0.004223,0.003262,0.0549,0.00937,0.005539894104003906,1.0609185826141776,0.0955188905555684,0.00371,0.04822,0.002755623362725021,0.002144,0.00945,0.0039033889770507812,1.1695292137761772,-0.07474177842903189,0.9746,12.67,0.0027521582184077977,0.002403,13,0.0083,0.00390625,6.0776490840112425e-06,-0.20500482990319735,0,,,,,0
00067cdd68211fdf71636823c827371a070c52417d4ab364309a0d9e5ebbd8cc,00067cdd68211fdf71636823c827371a070c52417d4ab364309a0d9e5ebbd8cc,0.8745,0.8613,11.37,13,0.1787,0.041015625,0.004294082468848205,0.2017657561705751,0.667,0.646,8.67,13,0.389,0.10595703125,0.019834716837933697,-0.24464553629090738,0.005966,0.006668,0.0776,0.009186,0.0046825408935546875,1.2210012594120254,-0.00637298857046438,0.05817,0.7744,0.0708,0.026397705078125,-0.07481069201587676,-0.8307596571143716,0.807,0.03398895263671875,10.975456218586038,0.20279659149421375,0.00444,0.004356,0.0577,0.001779,0.00859,0.00311279296875,0.8296945368263104,0.42742525515155294,0.855,0.8525,11.12,0.3394,0.29541015625,-0.008895683748015045,-0.10022712769238167,0.83,10.79,0.18284167362723605,0.1647,0.4517,0.310546875,0.01187604449894894,-0.41680632597715855,0.972,12.64,0.002717510378130768,0.002104,13,0.00928,0.00341796875,0.0007990232860120572,0.43061637634460553,13,0.1388,0.08740234375,0.04317653113596551,0.20805593787706383,0
00067f4aed8cf43b16652c966860774f650420ef7a306fb9769f14858d87ba9f,00067f4aed8cf43b16652c966860774f650420ef7a306fb9769f14858d87ba9f,0.568,0.544,7.38,13,0.1406,0.0751953125,0.0027083026780019745,0.12643199603123248,0.6577,0.631,8.555,13,0.3467,0.11865234375,-0.0040224008258136395,-0.2960473766336453,0.005226,0.005226,0.068,0.00922,0.0058879852294921875,5.934956461467433,-0.0841232773424328,0.3384,4.797,0.31,0.14453125,0.04163668827167866,-0.07058380723622043,0.268,0.11865234375,-0.029788552026385463,-0.23619160679609544,0.005253,0.005383,0.0683,0.00225,0.007523,0.0048084259033203125,0.3108483170422135,-0.0006684183909913321,0.2737,0.1761,3.557,0.598,0.240234375,6.796993972934678,-0.4747344008459426,0.2637,3.428,0.16188137926296156,0.12,0.4275,0.146240234375,-0.019377683071548423,-0.6676884841772085,0.631,8.2,0.1998056117375207,0.1577,13,0.5015,0.11328125,-0.030466693931047017,-0.6265900392030469,13,0.765,0.144775390625,-0.09722887437092377,-0.6353460499755509,1
00068f00a4ddaa53b75bc7235f13a42493eba75792850e49327f2cfaf1ae6791,00068f00a4ddaa53b75bc7235f13a42493eba75792850e49327f2cfaf1ae6791,0.787,0.8735,10.23,13,0.413,0.22705078125,-0.01024043815035297,-0.7350718920123338,0.4536,0.6016,5.895,13,1.032,0.189697265625,0.04408395649743605,-0.594318483848112,0.006428,0.00682,0.08356,0.007187,0.003803253173828125,0.1574378183153742,-0.5056149645029908,0.1766,2.008,0.06287,,0.03642740175072773,0.4545082901343447,0.02162,0.001750946044921875,0.34985886066690863,-0.16488934314531098,0.3894,0.0092,5.062,0.473,1.003,1.001546859741211,25.12829093883023,-0.5075625227936558,0.15,0.006054,1.95,0.4863,0.3159770965576172,13.200275674278698,-0.42800753101312794,0.185,2.406,0.2519272867690339,0.2207,0.6963,0.41501617431640625,164.47504835979342,-0.4324257257113072,0.975,12.68,0.002357326214620377,0.001916,13,0.007812,0.0029296875,-0.0002016036853483468,-0.2038834043235044,9,0.411,,0.38876683494928244,-0.8392312199845582,0
0006a80d96aec1d178bf74adab6cbf9e4bf427a6ba264fefecd53a4c1233cd21,0006a80d96aec1d178bf74adab6cbf9e4bf427a6ba264fefecd53a4c1233cd21,0.1118,0.11945,1.454,13,0.1986,0.0517578125,0.20780376320332872,-0.24700577335541027,0.3901,0.4019,5.07,13,0.495,0.135498046875,0.14551957766345444,0.5495064974346465,0.004215,0.003893,0.05478,0.0089,0.0027217864990234375,0.6536269039380168,-0.022181495943322083,0.335,4.195,0.2617,0.11669921875,0.04065424205362573,-0.3862632502149086,0.00917,0.0056324005126953125,2.6306229411480007,-0.12650209779561095,0.0799,0.001143,1.038,0.1418,1.002,0.004251003265380859,224.76592131304653,0.0747241721368777,0.05557,0.00806,0.7227,0.1759,0.1672039031982422,27.967749725954338,0.1927172455838883,0.1224,1.591,0.1888259916229918,0.1648,0.4238,0.28665637969970703,103.46044945297824,0.2713677223084629,0.6973,8.37,0.8382541045673196,0.4648,12,2.914,,-0.34285618276380364,-0.0308279056057394,9,0.4492,,8.909134528052276,0.49363200425049214,1
0007138953c25a3a7d8f48cf60dd6e9ca4a77d9e945a443f986062a95f795c4d,0007138953c25a3a7d8f48cf60dd6e9ca4a77d9e945a443f986062a95f795c4d,0.7217,0.721,9.38,13,0.1924,0.0478515625,-0.006268442279462087,-0.3461391778678459,0.5176,0.5435,6.727,13,0.4849,0.0634765625,0.07916158591975499,-0.06647747547805775,0.003906,0.00371,0.0508,0.00903,0.004033088684082031,0.983058486252177,-0.5278047233996146,,0.0,,,,,0.00795,0.0025787353515625,0.3262173109119831,-0.0402290856655866,1.005,1.004,13.06,0.002628,0.009766,0.00390625,0.00033535059436709536,0.15071321586777547,0.005665,0.005703,0.07367,0.00804,0.003612518310546875,0.9424398524915913,0.18634526354236305,0.00382,0.04965,0.003136415485645306,0.002577,0.00903,0.00335693359375,1.578012232266505,-0.051406997858354106,0.9727,12.65,0.0028722628999804413,0.002367,13,0.00879,0.00439453125,-0.0006183690634828654,-0.11276679462895398,0,,,,,0
00073f1912e2151e987a71b78ded23870729d7fd0e6b94b217aa66dded29af8b,00073f1912e2151e987a71b78ded23870729d7fd0e6b94b217aa66dded29af8b,0.742,0.744,9.65,13,0.0845,0.04541015625,0.009502035183537103,0.8714458159935838,0.612,0.6353,7.953,13,0.2756,0.10400390625,0.04899641496892703,0.7967231695416809,0.00509,0.0041,0.06616,0.007576,0.0043811798095703125,0.3323877260174835,0.32555957877752817,0.1238,1.583,0.085,0.0469970703125,-0.05391638816563227,-0.949175644704251,0.011185,0.0034008026123046875,0.34703274618553276,0.2147196033347713,0.005543,0.007008,0.0721,0.002735,0.0082,0.0048351287841796875,1.9024111648039437,0.08354476035954628,0.2927,0.3303,3.805,0.5957,0.03759765625,5.759859946469213,0.5690212002958464,0.0393,0.5107,0.10938750463717813,0.05582,0.3997,0.0046539306640625,4.270209693464822,-0.19595400858925413,0.9746,12.67,0.0025172270928328316,0.002216,13,0.006836,0.00390625,0.00013142813510500875,-0.20753499438809192,11,0.00829,,0.7381393635196489,0.2628169954424679,0
000772ede38fe3811dea0dff9dc50e2f8b7b577ab6f143c034b2dbccee197f57,000772ede38fe3811dea0dff9dc50e2f8b7b577ab6f143c034b2dbccee197f57,0.2417,0.2576,2.416,10,0.12317,0.07257080078125,0.024112459757177622,-0.28445949123025693,0.594,0.628,3.564,6,0.2693,,0.08752189011734328,0.05981079946909929,0.9614,0.962,9.61,0.007324,0.003173828125,0.00011519026937893233,0.5736776432432588,0.3813,3.602,0.21,0.07843017578125,0.07476276101149909,0.9535184381343734,0.0849,0.055095672607421875,0.29978558305036107,0.5880647198858047,0.2054,0.00535,2.055,0.3213,1.009,0.0030698776245117188,2.2194278150303166,-0.6956851996122495,0.3516,0.3691,3.516,0.4785,0.14105224609375,4.136313461823402,-0.38533355140578524,0.1863,1.862,0.19742573301081406,0.1813,0.422,0.38027381896972656,133.88432918636676,-0.1911295732084302,0.7974,7.973,0.3761311179542277,0.2854,10,0.907,0.0084228515625,1.2766969046891925,-0.5198278556639598,9,0.8345,,15.012792662690236,-0.08802105488097965,0
0007764443c6d098326549271e1d2613b111acafd039e96df124da7770e4fa70,0007764443c6d098326549271e1d2613b111acafd039e96df124da7770e4fa70,0.7056,0.7124,9.17,13,0.1216,0.033203125,0.004699357293750632,0.683312484719351,0.608,0.638,7.906,13,0.3591,0.07958984375,0.035690850744659774,0.7747387149434951,0.004616,0.0033,0.06003,0.006496,0.0035800933837890625,0.3769015287652245,0.13975031312729447,0.1302,1.717,0.03992,0.02069091796875,0.006500194451997694,0.25352675251027385,0.03096,0.01601409912109375,1.1263908990739122,-0.14300887771497073,0.004616,0.004448,0.06,0.001993,0.00917,0.00251007080078125,0.7586359005985011,0.10082765791892741,0.4636,0.464,6.027,0.4397,0.139892578125,0.13341590994307953,-0.0028950442042161625,0.2457,3.195,0.24835729188513525,0.2235,0.68,0.422210693359375,80.74490382403597,0.057063015893421574,0.974,12.664,0.003379295578855869,0.003004,13,0.00879,0.00537109375,-0.000697576212221912,-0.05874503291877292,13,0.8384,0.5679931640625,25.701646598191562,0.1446503855204715,0
000790f99df4c2a0eccd9ba5db78fd81e6a4b88b3d7f203ea9810d2e61bc1f5b,000790f99df4c2a0eccd9ba5db78fd81e6a4b88b3d7f203ea9810d2e61bc1f5b,0.5723,0.5527,7.44,13,0.2258,0.134033203125,0.018641420066914872,0.23315116793495397,0.695,0.6216,9.03,13,0.6055,0.15185546875,0.04236202398268288,-0.0548151808709026,0.003645,0.002403,0.0474,0.008675,0.0048503875732421875,1.0216099317357907,-0.2888995058930071,0.1725,0.6924,0.006836,,0.0024857365564412794,0.8026426939290279,0.00627,0.0022258758544921875,0.4286587306632888,0.5175026822246641,0.697,1.001,9.06,0.4258,1.008,1.00006103515625,13.032728013292987,0.801717142816951,0.005337,0.00535,0.0694,0.009796,0.00260162353515625,3.4375599300093502,0.45814014861965974,0.005272,0.06854,0.0029820249007638014,0.00243,0.008896,0.0055179595947265625,0.5114170820376558,-0.412771246647437,0.9746,12.67,0.0026954875933117533,0.002254,13,0.00879,0.00390625,6.680369130910672e-06,0.27133413510535276,1,0.0,,0.0,,0
0007b7b197a68e10925e2b4abf89130323ea2a87deb8ada24159a249b6010516,0007b7b197a68e10925e2b4abf89130323ea2a87deb8ada24159a249b6010516,0.4468,0.4578,5.81,13,0.2402,0.085693359375,0.040430251214189396,0.7476477216289927,0.6807,0.7383,8.84,13,0.5225,0.37109375,0.127724641793264,0.5382972012017535,0.004765,0.003365,0.06195,0.008286,0.0041370391845703125,0.39061539492007363,-0.10035508034662885,0.1677,2.127,0.0614,0.005615234375,-0.02443120245176809,-0.3545217300894989,0.2397,0.1102294921875,0.06843824528134088,-0.5387604237323561,0.004032,0.0036,0.05243,0.002245,0.007366,0.004436492919921875,3.81757220614635,-0.034442928053156754,0.526,0.4824,6.84,0.4402,0.014404296875,-0.025134221655930877,-0.5542535048286866,0.4263,5.543,0.002445784335686446,0.001934,0.00903,0.003173828125,-0.00010208075729241835,-0.17301374017295337,0.9727,12.65,0.002430112097298977,0.001916,13,0.0083,0.00244140625,-0.00012001993837532088,0.3654570540103707,13,0.09204,0.03369140625,0.0021806955086179636,-0.05600198715173647,0
0007ee1ac8edb6be588c6c8a158d2268e3228c49cf52773d168012076c118e5f,0007ee1ac8edb6be588c6c8a158d2268e3228c49cf52773d168012076c118e5f,0.451,0.4175,5.863,13,0.2812,0.050537109375,-0.034217236128249694,-0.8346125287597956,0.4673,0.4487,6.074,13,0.675,0.115234375,0.0053424409144869804,-0.3806381798590432,0.00371,0.002308,0.04825,0.00882,0.00511932373046875,1.2162665836775879,-0.0714755577979638,0.1818,2.875,0.2369,0.0897216796875,0.10262697863741214,0.7035863115787718,0.07983,0.0174560546875,0.04791089245843871,-0.5645063483656155,0.005245,0.004642,0.0682,0.002459,0.00827,0.004932403564453125,0.5284652485407283,0.02554396956695416,0.3943,0.327,5.125,0.58,0.143798828125,0.3809287494023254,-0.06012092226682767,0.3586,4.66,0.28497160651901426,0.2388,0.8457,0.5188369750976562,19.653366290566975,-0.2835325174622951,0.86,11.18,0.20101929001984997,0.1757,13,0.538,0.38037109375,0.034189133342284184,-0.3527636642620351,13,0.691,0.05078125,-0.045749883985253724,-0.11939717587414041,0
0008c2f297e1b00bf567c0d2c25f3e3b356f9a3088d2bf47aaaa724d26df8787,0008c2f297e1b00bf567c0d2c25f3e3b356f9a3088d2bf47aaaa724d26df8787,0.4949,0.5225,6.434,13,0.2744,0.055908203125,0.029622031221938905,0.5449333165171765,0.76,0.7188,9.88,13,0.916,0.1748046875,0.17027788090000143,-0.15331451133495613,0.00558,0.00637,0.0725,0.0087,0.00495147705078125,0.9212215561012154,-0.03818148708939077,0.1326,0.4612,0.0838,,-0.21695182346610664,-0.916358327319164,0.0456,0.004273414611816406,13.801713787976892,0.603846464626216,0.929,1.006,12.08,0.1421,1.003,0.005859375,-0.08303830944211138,-0.4655968330692564,0.1432,0.005688,1.861,0.671,0.005825042724609375,12.767786743196334,0.7376862823032988,0.0686,0.892,0.15760908586905586,0.10925,0.4238,0.0028095245361328125,6.642322446226096,0.6253316735755925,0.974,12.664,0.003033234549875814,0.002367,13,0.009766,0.0048828125,0.0008005859359618191,0.3685712998016721,2,0.4019,,3594.7418666666667,0.9999999999999999,1
0008ef32824d3067b4d8ab70e7c79fa04c808f4d99194fe9c7827dac8bcf0b5c,0008ef32824d3067b4d8ab70e7c79fa04c808f4d99194fe9c7827dac8bcf0b5c,0.835,0.844,10.86,13,0.11475,0.03076171875,0.011198377215587927,0.2565522326931293,0.8164,0.794,10.61,13,0.482,0.1171875,-0.023593989581573115,-0.7885399315811559,0.00473,0.004593,0.06146,0.00814,0.004218101501464844,0.5660212538383499,0.07324949004934596,,0.0,,,,,0.00963,0.006510734558105469,4.919501245589115,-0.12339351777527942,1.006,1.007,13.08,0.00248,0.007812,0.0048828125,0.0004922003364259316,0.11998040618409829,0.006863,0.006245,0.0892,0.00582,0.00380706787109375,0.11177114679927291,-0.1776555921744348,0.00559,0.07263,0.002551894474600761,0.001957,0.008606,0.00322723388671875,0.46733918657227774,0.6513475902115514,0.976,12.69,0.002693218663959067,0.00214,13,0.007812,0.00390625,3.0934718129778846e-06,-0.13578136164839208,0,,,,,0
000919ba92d9a04c28e1e49f6cd855ca36e1df7c79cc0583b60734da25265fb1,000919ba92d9a04c28e1e49f6cd855ca36e1df7c79cc0583b60734da25265fb1,0.4995,0.4995,6.492,13,0.0459,0.015869140625,0.003402945509920078,0.2756312446161769,0.633,0.6465,8.23,13,0.1196,0.0478515625,-0.00325497185805775,-0.2720421397851611,0.004593,0.004787,0.05972,0.00902,0.0023345947265625,0.9748382027358976,0.10399143884318503,0.1742,2.605,0.1117,0.04931640625,0.03306903405512061,0.8192781874274127,0.1606,0.122344970703125,0.07309736532698148,-0.2652936472480512,0.005276,0.005196,0.0686,0.002155,0.00959,0.0031604766845703125,2.68004780981604,0.14681113094804507,0.3342,0.3171,4.344,0.3232,0.006591796875,0.06410556917833717,-0.32493911071997866,0.618,8.04,0.1557642207739276,0.132,0.4307,0.2568359375,0.10083283934822211,-0.24738133918858662,0.8755,11.38,0.1220679587112812,0.10394,13,0.311,0.13671875,0.007684951966612091,-0.42000852605422867,13,0.1389,0.015869140625,0.025233723361710054,0.7700785387967327,0
00093b69756b1afe3029c79b981e8d699b2a48bf4464a9d4c8432dc2bb45372e,00093b69756b1afe3029c79b981e8d699b2a48bf4464a9d4c8432dc2bb45372e,0.897,0.8857,11.66,13,0.2666,0.130859375,0.006654307399969602,-0.07834461258138595,0.5537,0.491,7.203,13,0.74,0.207275390625,0.14029237402996786,0.3158269908894984,0.00584,0.005867,0.0759,0.009346,0.0038356781005859375,1.483259411657241,0.48742558456876345,0.0904,1.241,0.1122,0.061492919921875,-0.01816403737437423,-0.757441743108836,1.003,0.13916015625,0.3789363843608689,0.4855399068262516,0.00594,0.00579,0.0772,0.00205,0.00877,0.003055572509765625,0.35625436760651397,-0.5311688527548145,0.518,0.4883,6.734,0.585,0.206298828125,0.11066556222187929,0.20614976200847157,0.6353,8.26,0.22909380292396342,0.1837,0.718,0.2734375,0.21584366077464665,0.15047990967665076,0.9746,12.67,0.002522685488312319,0.002066,13,0.007812,0.00390625,0.0002156788013768877,0.5011479891060543,13,0.2988,0.114990234375,0.06523992175549555,0.38752496386292873,0
000940eb997a3356d782e519274accd60c1f4f9af86dde67552d54ca4c619fe6,000940eb997a3356d782e519274accd60c1f4f9af86dde67552d54ca4c619fe6,0.9556,0.9746,12.42,13,0.1211,0.10009765625,-0.010098073186543524,-0.9390325350578459,0.7266,0.7607,9.445,13,0.4568,0.2255859375,-0.05081632114029835,-0.96485095495598,0.005245,0.005283,0.06824,0.00868,0.0041522979736328125,0.9307867613332742,-0.45834434116353795,0.3284,4.16,0.3135,0.2781982421875,0.1149034306759995,0.37941071211074484,0.0266,0.020898818969726562,13.087174406325287,0.8577573243234697,0.005375,0.00627,0.0699,0.002855,0.00865,0.0054187774658203125,2.3089472484286717,0.39762148204181885,0.424,0.4653,5.516,0.669,0.274169921875,78.19576139524746,-0.16933420218556472,0.3025,3.932,0.18362249617125515,0.1462,0.5103,0.144287109375,34.36820768780239,-0.11466519678286838,0.975,12.68,0.0034304659352013857,0.00293,13,0.00928,0.0068359375,0.00022151615392280535,-0.12792042981336624,13,1.292,0.45940399169921875,12.539321812682738,-0.009575524877400916,0
000962b331f602203d5b5fb41b915893e74db55534182d4968a3423c19258584,000962b331f602203d5b5fb41b915893e74db55534182d4968a3423c19258584,0.6533,0.663,8.49,13,0.05225,0.0322265625,0.00662319743754768,0.919486759589998,0.6553,0.6484,8.52,13,0.0752,0.01513671875,0.0025416568160784025,0.19653755560196515,0.003803,0.003656,0.04944,0.007282,0.0025348663330078125,0.6303407508817592,0.18581310168505957,0.119,1.559,0.11975,0.027099609375,0.14199177765924112,-0.24568939303652212,0.02437,0.01305389404296875,0.038645761569052105,-0.5318457723640615,0.004257,0.003685,0.05536,0.002062,0.0085,0.0022640228271484375,1.4805664556866,-0.2922498625305787,0.5493,0.4685,7.14,0.755,0.340087890625,0.1216089316620655,-0.3488899520886874,0.538,6.992,0.3163464006223822,0.2369,1.005,0.275390625,27.71274459945386,-0.054142517331429385,0.974,12.664,0.0034202037392860765,0.003004,13,0.00928,0.005859375,0.00017743211615504442,0.326870352140021,13,0.124,0.0810546875,0.0320879165840676,0.20385068429145417,1
00098cc74b9a5113321817176656d2d75928c363cc45ab81502f7239cae2187b,00098cc74b9a5113321817176656d2d75928c363cc45ab81502f7239cae2187b,0.489,0.525,6.355,13,0.2056,0.113525390625,0.014468446826425016,0.6236603174970897,0.6836,0.696,8.88,13,0.58,0.1435546875,0.01501358771596271,0.2528381576040028,0.00518,0.005947,0.0674,0.00853,0.0034694671630859375,2.364151668377969,0.24149308149996015,0.1827,2.611,0.1825,0.12841796875,-0.04341813092773817,-0.8846134469867865,0.03806,0.008937835693359375,3.0547669642824395,0.788702014199471,0.003906,0.003351,0.05078,0.00225,0.00943,0.00357818603515625,3.658714025328609,0.33687864135929485,0.2969,0.00955,3.861,0.915,0.7031345367431641,12.809623871612375,0.8503884087597506,0.1229,1.599,0.18851296127657582,0.1642,0.428,0.2809104919433594,11.188476361203259,0.637965863762027,0.5435,7.066,1.0779385825502126,0.7256,13,3.424,0.00341796875,-0.027812534014534974,0.5951676317612946,10,0.6294,,34.85474079424344,0.8989266322299296,0
0009a85feed29c69e41a1dfa6375ba7010870adbe7550e4ce2f1d4c564db1691,0009a85feed29c69e41a1dfa6375ba7010870adbe7550e4ce2f1d4c564db1691,0.8813,0.8784,11.46,13,0.0967,0.0361328125,0.0022094890586800606,-0.08918247692418199,0.521,0.5317,6.773,13,0.272,0.1650390625,0.07644731313528111,0.4474270918511352,0.004948,0.003855,0.06433,0.00767,0.00206756591796875,0.23287801990069454,0.164905947786671,0.1122,1.301,0.0755,0.04595947265625,0.07490368842857627,0.9717688271723931,0.01782,0.007968902587890625,0.642270675137769,0.3807321592702371,0.004276,0.00374,0.0556,0.002796,0.0095,0.005603790283203125,1.854761965166895,-0.19430456778338362,0.4705,0.4697,6.117,0.8467,0.276123046875,4.688512607664605,-0.5821044967977983,0.03717,0.4832,0.11643502427236781,0.0596,0.4243,0.005832672119140625,2.560683925727583,-0.4579500102400751,0.973,12.65,0.0029778074406361975,0.002516,13,0.0083,0.00439453125,0.0006311882556315948,0.5087625344813139,13,0.41,0.005810737609863281,4.518660168579899,-0.6273234785954012,0
0009bd8871169b8d76a445e1f52079a6edc0b6f0bf021d5ec50ef6aa6487cc14,0009bd8871169b8d76a445e1f52079a6edc0b6f0bf021d5ec50ef6aa6487cc14,0.2861,0.2861,0.2861,1,0.0,0.0,,,,,0.0,0,,,,,0.96,0.96,0.96,0.0,0.0,,,,0.0,,,,,0.0,0.0,,,1.005,1.005,1.005,0.0,0.0,0.0,,,0.002523,0.002523,0.002523,0.0,0.0,,,0.00459,0.00459,,0.0,0.0,0.0,,,0.9736,0.9736,,0.0,1,0.0,0.0,,,0,,,,,0
0009e1a505be8b131904d3908b9d6e149108859a37cd88d760349b52751fa2f5,0009e1a505be8b131904d3908b9d6e149108859a37cd88d760349b52751fa2f5,0.649,0.6426,8.44,13,0.1372,0.01318359375,0.0032991669704784863,0.5811246261545017,0.6597,0.6636,8.58,13,0.1646,0.05029296875,-0.015549870048702175,-0.47973927023878865,0.005344,0.005405,0.06946,0.00937,0.007035255432128906,0.9335298274595528,0.019816472190283423,0.1187,1.598,0.0765,0.02813720703125,-0.0066938638593928845,-0.8204859889710708,0.1926,0.06549072265625,0.13462948144352693,0.2646729595121488,0.005985,0.00612,0.0778,0.002474,0.00915,0.003704071044921875,1.2002890321271436,0.1596223316274795,0.6836,0.7075,8.88,0.586,0.0908203125,0.022707247053283353,0.1938914859594487,0.5195,6.758,0.15757921635568292,0.1259,0.5674,0.2548828125,0.0630497962177831,0.479648729796819,0.9736,12.66,0.002730414907957922,0.002178,13,0.00879,0.00390625,0.0004679899771427946,0.19898412414336555,13,0.08057,0.040771484375,0.006260030589235808,-0.3231677085423232,0
000a1745b0fba14f100603038675e879651f9af9c729c523a81bbf93dacf0e57,000a1745b0fba14f100603038675e879651f9af9c729c523a81bbf93dacf0e57,1.004,1.004,13.055,13,0.007812,0.00390625,-0.00031827797214684095,-0.188399256493922,0.613,0.6123,7.965,13,0.01367,0.00439453125,-0.0008287864077257215,-0.03740453552843407,0.005215,0.004383,0.06775,0.007195,0.003887176513671875,0.5328473409894001,0.23015003939414988,0.1526,1.9795,0.01318,0.00439453125,-0.005011321173541046,-0.7422359119794774,0.008,0.0034694671630859375,3.5772402569764914,-0.40388011995644013,0.003853,0.00289,0.05008,0.002687,0.009224,0.006107330322265625,1.2490049951569753,0.2510068952804973,0.4202,0.3628,5.46,0.2812,0.108642578125,0.05410932815932176,0.06189115352902384,0.005444,0.07074,0.002892602606089806,0.002373,0.00927,0.0048160552978515625,1.7412448660568953,0.12422100144088079,0.9746,12.67,0.0027660063395444625,0.00229,13,0.00879,0.00341796875,5.0232556955030296e-05,-0.02266427389334102,13,0.007095,0.0039234161376953125,0.13662807284791162,-0.01174660762598824,0
000aaaf8dba0cf6b0853a317d5cd4a8d581b529e5d85119101c05b8ad16190b2,000aaaf8dba0cf6b0853a317d5cd4a8d581b529e5d85119101c05b8ad16190b2,0.859,0.869,11.164,13,0.06006,0.017578125,-0.0037280319059205813,-0.6895312622685813,0.61,0.6157,7.93,13,0.1934,0.03173828125,-0.0013198269469591646,-0.32838245201248195,0.00409,0.00422,0.0532,0.00762,0.0044956207275390625,0.839163866808172,0.11867036333786904,0.1407,1.873,0.03467,0.0174560546875,0.02197732344859633,0.6359946388516682,0.04846,0.01692962646484375,0.3925708572948796,-0.5720862849735943,0.00586,0.00695,0.0762,0.002716,0.008766,0.005764007568359375,1.5268667681440882,-0.1370545026292125,0.537,0.484,6.984,0.3875,0.210693359375,0.06298598260300887,-0.09832156176909744,0.498,6.473,0.13144767370474797,0.112,0.404,0.201904296875,0.034798045300251684,0.42517079384663853,0.974,12.664,0.0030955763422685577,0.002516,13,0.009766,0.00390625,-7.49118781198932e-05,-0.1822619328515436,13,0.1687,0.1142578125,0.03266691932310945,0.45222512880167737,0
000ac434614bed68129738742263a6306192132f904a83fadac1553955d1f0fb,000ac434614bed68129738742263a6306192132f904a83fadac1553955d1f0fb,0.7173,0.7246,9.33,13,0.104,0.07177734375,0.012083082002681525,0.9642028644086846,0.7085,0.699,8.5,12,0.1562,,0.01018161901345734,0.7118725459621845,0.00513,0.004166,0.0667,0.0091,0.0044155120849609375,1.0380350866408372,0.1083693820500437,0.1606,1.901,0.03687,,-0.0179204971013731,-0.8413516648274717,0.00937,0.00331878662109375,0.7021955300160578,-0.3816083281128464,0.006996,0.007458,0.09094,0.002052,0.00794,0.003429412841796875,0.15885631260918456,-0.5067864285366497,0.3013,0.366,3.916,0.663,0.45441436767578125,41.58348217341431,0.0665381935063755,0.2173,2.824,0.21478384315869892,0.1973,0.527,0.42270469665527344,219.50645979529074,0.3423927590092139,0.975,12.68,0.0033079905457953983,0.002592,13,0.009766,0.00537109375,-0.0007815741923411501,-0.23688673078976327,12,0.5474,,52.45726233443733,0.5934115365571456,0
000adf2938f771f75a581b65107024eddeae70684778c0da9b94b261b836a940,000adf2938f771f75a581b65107024eddeae70684778c0da9b94b261b836a940,0.8457,0.84,11.0,13,0.1089,0.033203125,-0.01039347052827469,-0.916876186142857,0.559,0.537,7.266,13,0.2207,0.044921875,-0.025159442353145035,-0.7722245980135982,0.007004,0.007675,0.09106,0.00815,0.00229644775390625,0.4133727106407343,0.011673945432347463,0.05405,0.653,0.07605,0.0526275634765625,-0.017430577582859763,-0.8284376397498306,0.02884,0.0104522705078125,0.3130630377146824,-0.00838864225257466,0.005417,0.005535,0.07043,0.002897,0.00923,0.00547027587890625,0.7079529820453944,-0.620650512727772,1.061,1.11,13.79,0.7617,0.1376953125,0.06056002751423337,0.2578305119841179,0.4868,6.33,0.19400685992166603,0.123,0.853,0.091796875,270.6251488717363,0.2784247480306002,0.9736,12.66,0.0021962220411724217,0.001577,13,0.007812,0.00146484375,-7.979293045821494e-05,0.3235015736458897,13,0.277,0.094970703125,0.05086389090969055,0.9352685793949334,0
000ae3818c26d56167678fde3b6238888d0f802c02f4bfa8352ab0c614df776a,000ae3818c26d56167678fde3b6238888d0f802c02f4bfa8352ab0c614df776a,0.507,0.5,6.59,13,0.1714,0.068603515625,-0.0011006073299835994,-0.5155747798439463,0.6006,0.552,7.81,13,0.37,0.21142578125,0.025371367696559798,-0.5222995893154648,0.00464,0.00512,0.06033,0.00818,0.006648063659667969,0.6644623099131904,0.12451114382306373,0.1693,1.323,0.0166,,0.004297011185822504,0.6993105528679381,0.593,0.007979393005371094,1.8467571492710924,-0.46861144899400614,0.3882,0.00798,5.047,0.473,1.007,0.9987354278564453,589.0872776484067,0.8446517169829786,0.0768,0.006542,0.998,0.6006,0.004276275634765625,7.640272568778205,-0.5034307023347719,0.003601,0.0468,0.0033896257392278467,0.00293,0.00961,0.004046440124511719,1.9987619486529244,-0.3813864087995372,0.974,12.664,0.002677282318937803,0.002028,13,0.00879,0.00244140625,-0.00015808251959941363,-0.062440955966646054,4,0.1788,,-0.0751619343483642,-0.87852658727655,0
000aeb78bae8b5dff7906f5d3a3805e24856f437c7e95d26bdae93e23aac47a0,000aeb78bae8b5dff7906f5d3a3805e24856f437c7e95d26bdae93e23aac47a0,0.1964,0.1941,2.553,13,0.1555,0.0689697265625,0.0748606867693293,0.7783052237601059,0.7485,0.734,9.73,13,0.4028,0.095703125,-0.011180796116911649,-0.3289081062434417,0.003706,0.003277,0.0482,0.00757,0.00571441650390625,2.0507326987377237,0.09086632426936896,0.1212,1.576,0.0249,0.009033203125,-0.004142217085526413,-0.3941895972029459,0.0992,0.07354736328125,0.18040083382650077,0.8346332373178545,0.004166,0.00309,0.05417,0.002583,0.00966,0.005916595458984375,7.413228837370645,-0.5494383111858208,0.5063,0.6,6.582,0.7637,0.19970703125,20.503803475305645,-0.35057490238226696,0.168,2.184,0.16027258727539478,0.1495,0.4214,0.281646728515625,7.463980274601443,-0.05225109758481152,0.975,12.68,0.0029013806767391207,0.002441,13,0.0083,0.0048828125,-3.403432857018718e-05,-0.2664837530158898,13,0.4092,0.3869056701660156,5.576089149336983,0.005716430767971657,0
000b30e00a2a37b5ae325fa3830c9b2b6365b0c17719c9d283d66c0fd2284f59,000b30e00a2a37b5ae325fa3830c9b2b6365b0c17719c9d283d66c0fd2284f59,0.8647,0.8594,4.324,5,0.0464,,-0.006873898217248903,-0.6071556960041842,0.577,0.577,1.154,2,0.0498,,0.09018567639257302,1.0,0.9614,0.962,6.73,0.006836,0.003173828125,-7.682477850551317e-05,-0.029565619799454136,0.1637,1.341,0.1008,0.0626220703125,-0.037914304589064474,-0.7616943152265471,0.2136,0.123748779296875,0.8788599722651824,0.9278204504564564,0.4329,0.00799,3.031,0.49,1.006,0.9996891021728516,0.03827907370516063,-0.8662143588510249,0.696,0.71,4.867,0.2896,0.050048828125,0.08496680210528525,0.6533456010093132,0.402,2.814,0.20094774296977913,0.11456,0.6816,0.005615234375,43.87711311311441,0.590734753812033,0.9746,6.82,0.002941290268179138,0.002092,7,0.0083,0.003173828125,9.932829980269231e-05,0.140886767884104,6,0.1736,,0.09466609890395702,0.9352906540589194,0
000b48231b7fad0e00ce78790df80ff94bd890eaaa8c6816fc897bf97505f7bd,000b48231b7fad0e00ce78790df80ff94bd890eaaa8c6816fc897bf97505f7bd,0.9575,0.966,12.445,13,0.0713,0.0068359375,0.005411867801564015,0.5204813305525247,0.673,0.6606,8.75,13,0.187,0.01904296875,0.007493542029235846,-0.2353523834389349,0.0784,0.005695,1.02,0.955,0.0022735595703125,0.7650391131732052,-0.4623063597271912,0.07684,1.112,0.09937,0.01312255859375,0.05641956091753205,-0.20253025206187852,0.0345,0.0133514404296875,2.804296786623578,-0.034656618141046584,0.004627,0.004963,0.06015,0.002134,0.00904,0.0035915374755859375,3.9252377588462615,-0.3544865619801413,0.757,0.707,9.836,0.4612,0.24560546875,-7.229850513175891e-06,0.006362453456642724,0.489,6.355,0.10913187819835579,0.0872,0.401,0.102294921875,0.04635000709460633,0.6737203290320151,0.975,12.68,0.0022694608695202905,0.001841,13,0.006836,0.0029296875,0.0005064396083476475,0.09207697168976313,13,0.1565,0.032470703125,0.014613401896540488,0.21140630854507766,0
000b6357c2a736700113519ea047bfe3d38a6dc2a89d798b86c184fd4673f802,000b6357c2a736700113519ea047bfe3d38a6dc2a89d798b86c184fd4673f802,0.864,0.8687,11.234,13,0.1299,0.0546875,0.012498565906818129,0.9483908019079432,0.6543,0.6514,8.5,13,0.2856,0.13525390625,0.038963411722948,0.8504250848285332,0.003704,0.0029,0.04816,0.00782,0.0023326873779296875,0.6653294562911894,-0.3524460199569337,-0.03117,-0.4602,0.0791,0.04326629638671875,0.08626982530529624,-0.2065891531581289,0.6216,0.07110595703125,0.3673056681538911,0.021802063784388623,0.004875,0.005733,0.06335,0.003145,0.00949,0.006691932678222656,3.0258209227645243,0.23483561164684086,0.98,1.005,12.74,0.4019,0.0078125,0.0020188729799572223,-0.3258762575242585,1.004,13.05,0.002014752873586864,0.001277,0.00879,0.0009765625,0.00040713568244492754,0.0518587383528139,0.974,12.664,0.0027978700256625936,0.002403,13,0.007812,0.0048828125,-0.0005792076171092694,-0.373436010817471,13,0.0956,0.0606689453125,0.009386740749958636,0.46930393706664836,0
000b789efc34ef75106b9e135dbeabd0408e0735fa8b2d046df6587c49ccbeed,000b789efc34ef75106b9e135dbeabd0408e0735fa8b2d046df6587c49ccbeed,0.7524,0.7544,9.78,13,0.1294,0.041015625,-0.003764511350199007,-0.5239948830185787,0.605,0.6265,7.26,12,0.2563,,-0.00424971267903156,-0.48482476765100446,0.004173,0.003187,0.05426,0.006298,0.0024776458740234375,0.2526522649301204,-0.2472380507658731,0.3044,2.91,0.09424,,-0.021009517889942663,-0.9201033938802247,0.00934,0.00313568115234375,1.1154360435636874,-0.3467321062604454,0.5444,1.001,7.074,0.4963,1.006,0.9991989135742188,8.725478959343503,-0.2906012180020444,0.0637,0.00556,0.828,0.3235,0.003612518310546875,3.2084092585009483,0.09746748069790767,0.00475,0.06177,0.003080719932030891,0.002628,0.00877,0.005527496337890625,0.6783409617800696,-0.21430356570560694,0.974,12.664,0.003045303170024435,0.002628,13,0.0083,0.0048828125,7.165657912376148e-06,0.020585643454884842,4,0.004524,,-0.10577998174165304,-0.8184410771323172,0
000ba16037da23e8601c4914b8d638bf4bb834fc1c7b9a513927f1cb26b26204,000ba16037da23e8601c4914b8d638bf4bb834fc1c7b9a513927f1cb26b26204,0.8745,0.8784,11.375,13,0.02148,0.01220703125,-0.0016318964622258718,-0.5501937835690804,0.6055,0.6084,7.87,13,0.0718,0.02880859375,-0.005035173945630744,-0.46022296274066443,0.005135,0.005016,0.0668,0.00975,0.0032196044921875,4.8154939338527045,0.24366057663869195,0.1373,2.086,0.2437,0.03363037109375,0.09517120710722711,-0.029594788774026774,0.2,0.09486007690429688,1.0832473197098522,0.7847152289709656,0.006046,0.006256,0.0786,0.002373,0.00945,0.00469970703125,5.280395073722487,-0.09811522651400603,0.4875,0.329,6.336,0.432,0.373779296875,0.11662110499585526,0.7969836119193394,0.2147,2.791,0.23834817794844657,0.2261,0.534,0.42542266845703125,12.71505437519376,0.8400929717740308,0.9746,12.67,0.003199009066987297,0.002892,13,0.00928,0.00537109375,0.0002577676706538301,0.2482229038620465,13,0.429,0.32517528533935547,8.930419355488336,0.46141008377508297,0
000bbcea7cf6a9d74b2ff2f6fd4fa89a4ff4c419a8b569eb167717231edb7ccf,000bbcea7cf6a9d74b2ff2f6fd4fa89a4ff4c419a8b569eb167717231edb7ccf,0.3445,0.313,4.477,13,0.2422,0.09619140625,-0.012846493776451973,-0.6207444284168862,0.5107,0.4897,5.105,10,0.638,,0.08627978210146404,-0.4352052172521547,0.9604,0.9595,12.484,0.00879,0.0048828125,0.00022388321736634595,0.3298259213901335,0.939,12.45,0.5645,0.31787109375,0.028016331998210926,0.4962795711898909,0.2632,0.044097900390625,7.764398898636071,0.1260782971611134,0.1592,0.005795,2.068,0.2607,1.006,0.0057315826416015625,0.35370689392744353,-0.62444939529067,0.1818,0.17,2.363,0.314,0.007080078125,0.012776975038832081,-0.7057877078918907,0.2737,3.559,0.16838626615220587,0.1255,0.428,0.14697265625,33.11963102633461,-0.4192442652226544,0.7925,10.305,0.2323144090135794,0.1671,13,0.6885,0.2119140625,0.11405752907766821,-0.3148898605720448,13,0.822,0.088134765625,31.428428331296704,-0.3700279112880211,1
000c36f7b5130de63c1b7ee4bc902ba51aa8ae1f9cd1cee254892b0b06011cb4,000c36f7b5130de63c1b7ee4bc902ba51aa8ae1f9cd1cee254892b0b06011cb4,0.6313,0.629,6.312,10,0.1084,0.0550537109375,0.016915208257892906,0.8599646582421989,0.725,0.722,3.625,5,0.1411,,0.013259201272483617,-0.1605936879653067,0.9604,0.96,9.6,0.00879,0.0050048828125,6.400745128169276e-05,-0.0028280086104396124,0.6436,5.793,0.548,0.37701416015625,0.10220636389940813,-0.5233623907498902,0.2803,0.07170867919921875,0.44308336277082216,0.43028991646860953,0.203,0.003376,2.03,0.32,1.005,0.004179716110229492,0.8389857242473036,-0.6978525074127221,0.4927,0.4749,4.93,0.2893,0.0267333984375,0.03929892781913532,0.37367602680762857,0.4102,4.1,0.04482923159691071,0.02556,0.1462,0.00384521484375,0.056840938768272946,0.5345312872151999,0.973,9.73,0.002606200377766673,0.002344,10,0.007324,0.0042724609375,0.00012017673859779056,0.14438873450355738,10,1.5205,0.2637939453125,8.236843318027546,0.9059752747494144,0
000c57a2ca053e6ddc51fa2eaac470ee96663c2b505916a73ba944878d20184d,000c57a2ca053e6ddc51fa2eaac470ee96663c2b505916a73ba944878d20184d,0.9287,0.9307,12.07,13,0.10596,0.02099609375,0.007545189856847073,0.143696619210128,0.6733,0.687,8.75,13,0.3638,0.10986328125,0.04959503135459681,0.0021233289010304337,0.00476,0.004433,0.0619,0.00785,0.0023651123046875,0.06538357025114025,-0.15117775211554613,0.1282,1.689,0.03894,0.01568603515625,0.010647215638509344,0.7943934162561064,0.1504,0.088134765625,0.36542637972745967,0.2820161616144784,0.005005,0.00427,0.06506,0.002638,0.0089,0.0049457550048828125,1.2291804110411966,-0.23225192648913745,0.7715,0.756,10.03,0.2993,0.00732421875,0.006766034765450253,0.36336399476882386,0.743,9.664,0.08744858219630247,0.0805,0.2227,0.15869140625,0.01100370399705424,0.3696674973918853,0.9736,12.66,0.00287173075307453,0.002592,13,0.007812,0.00537109375,-0.00015979699456777907,-0.17100069267419513,13,0.1189,0.088134765625,0.019758350782421552,0.006829533915220541,0
000cba133a9f5634a0f3e56d439ae774a819292301329551531a54791169abc4,000cba133a9f5634a0f3e56d439ae774a819292301329551531a54791169abc4,0.8496,0.8555,11.05,13,0.08057,0.0263671875,0.0006702715919541061,0.18823599133541835,0.6597,0.6523,8.58,13,0.2241,0.08056640625,-0.0033288585295206397,-0.4619613283616181,0.005802,0.005608,0.07544,0.00885,0.0049724578857421875,0.30858226111225956,-0.16123954647084773,0.0868,1.054,0.05893,0.0330810546875,0.06547318085172608,0.09511261694223798,0.2361,0.0606689453125,0.3485649089933467,-0.047134616371080865,0.00536,0.006584,0.06964,0.00294,0.008835,0.00582122802734375,0.9146685106312963,-0.24896271160460187,0.655,0.7056,8.516,0.427,0.26123046875,0.031162515345892577,0.26880554890868186,0.7334,9.53,0.15527964817785486,0.119,0.5015,0.1630859375,0.054246410235348284,0.6906979165754972,0.9736,12.66,0.002786923700337141,0.002441,13,0.007812,0.00439453125,0.0003013977513781352,-0.3599066613130134,13,0.2217,0.07568359375,0.05505769730127955,0.7293653332314118,0
000cc41bf286c67da129d61340c7de52adf8636b42a4a74f1cc2129390ce348f,000cc41bf286c67da129d61340c7de52adf8636b42a4a74f1cc2129390ce348f,0.575,0.574,7.477,13,0.04785,0.01123046875,0.00502482388352557,0.8669241028693678,0.653,0.658,8.484,13,0.0923,0.0361328125,-0.0013018011302615244,0.33301269423848606,0.005264,0.00581,0.0684,0.008514,0.00264739990234375,45.21467966076219,-0.22995203217449273,0.1732,2.438,0.1813,0.02392578125,0.009665832142586706,-0.4896947429031563,0.03192,0.0081329345703125,0.11396709514137739,0.7619580873865422,0.004112,0.003445,0.05347,0.00233,0.00735,0.005274772644042969,0.8478013729267563,-0.046589384931187375,0.2251,0.251,2.928,0.598,0.2012939453125,4.0369859001588475,-0.20287691841862296,0.03848,0.5005,0.11633021845097002,0.05957,0.4255,0.00296783447265625,11.314370167395724,0.3125789150099077,0.2181,2.836,0.3608015749803759,0.2537,13,1.197,0.171539306640625,0.8943144119083039,-0.27623284048819513,13,0.009544,0.007595062255859375,2.1088145473434685,0.013515680711347514,0
000cc98607442c5074d368870a7fa3cb1634147af647f1aec9c99175aaf0c7fa,000cc98607442c5074d368870a7fa3cb1634147af647f1aec9c99175aaf0c7fa,0.1754,0.2089,2.28,13,0.2087,0.12493896484375,0.2915878089026424,-0.0372893446838924,0.459,0.374,5.965,13,0.606,0.359619140625,0.20602811707846821,0.4050495296211335,0.2451,0.006058,3.186,1.052,0.00440216064453125,0.8253347415731005,-0.730168228350337,0.1787,3.531,0.3188,0.234130859375,-0.07346509072922747,-0.9139056198404418,0.036,0.02861785888671875,-0.02013373668850038,-0.8757107022990287,0.0062,0.00519,0.0806,0.002684,0.009285,0.00466156005859375,0.7048622713580559,0.1480881041722199,0.0505,0.006203,0.6567,0.2512,0.0039806365966796875,6.707090414368282,-0.09769584657045874,0.004917,0.0639,0.003138695613715534,0.002615,0.0087,0.0055103302001953125,0.9551612565722426,0.06275731861353716,0.974,12.664,0.0030099677748871493,0.002403,13,0.00879,0.00341796875,-0.0007051147505297469,-0.5831646179767075,8,0.00721,,0.44747042700240075,0.12105960552982188,1
000cfb5aac8db50185898fa111be535e4530149f341a9a4d7ad3bd9b7e14c281,000cfb5aac8db50185898fa111be535e4530149f341a9a4d7ad3bd9b7e14c281,0.675,0.683,8.1,12,0.2188,0.03173828125,0.03262180233034362,0.8445262631188681,0.7676,0.7617,9.21,12,0.3105,0.0927734375,0.04594412732144326,0.44753388973138464,0.003872,0.003725,0.04648,0.00966,0.0034720897674560547,6.51804101686171,0.38314155889597273,0.1587,1.897,0.02332,0.010223388671875,0.005468858073893725,0.47918831476777746,0.3918,0.09014892578125,0.28256306977774887,0.4756663158982607,0.005177,0.005966,0.06213,0.00264,0.00938,0.004912376403808594,7.995761197198392,0.18850006836335764,0.4924,0.493,5.91,0.00757,0.00494384765625,-0.00038418666314569847,0.2028811591752659,0.4683,5.62,0.10013334169651378,0.07153,0.2644,0.0052490234375,0.07585064865807419,0.599010253055568,0.9756,11.7,0.0024620340683104984,0.002197,12,0.006836,0.004150390625,5.01073689723842e-05,0.4150397765513039,12,0.1819,0.052734375,0.05193900678920726,0.729907426599636,0
